,0,1,2,3,4,5,6,7,8,9,10,11,12,13,14,15
ADAM17,-0.025066532,0.11831569,4.780055,9.515288,5.7898707,-0.08065942,6.0745687,6.9091783,4.246644,-0.058084965,2.589816,2.2446828,-0.041860893,3.1429045,-0.074348636,2.506909
GM1966,-0.032399144,0.24947022,5.429594,12.626422,7.284345,-0.09840604,7.435612,8.932935,5.114955,-0.079879925,3.8275285,2.7999816,-0.04801212,4.1654925,-0.09577729,3.7377405
ANXA5,-0.022766674,0.07265871,4.3766932,8.658837,5.3427944,-0.074221045,5.531401,6.2917457,3.9494557,-0.051479526,2.1878526,2.1482084,-0.039362874,2.8922114,-0.067537546,2.2476473
LDHB,-0.032399144,0.24947022,5.429594,12.626422,7.284345,-0.09840604,7.435612,8.932935,5.114955,-0.079879925,3.8275285,2.7999816,-0.04801212,4.1654925,-0.09577729,3.7377405
PTPRE,-0.029432077,-0.007417803,6.1068664,12.708077,7.600092,-0.08271864,7.077241,8.815963,4.047852,-0.07431988,2.861311,2.7335443,-0.038403824,2.951587,-0.078966364,4.379074
RUNX1T1,-0.023656148,0.06661426,4.584355,9.047662,5.5821977,-0.07732291,5.779534,6.5750856,4.0806236,-0.054356635,2.3485825,2.1903133,-0.040572777,2.995238,-0.07060262,2.3738136
IGKC,-0.031435147,0.11852395,5.7087345,11.948753,7.588033,-0.10096966,6.8131423,8.90146,4.780508,-0.07670212,3.4640212,2.6449268,-0.05011801,3.7549045,-0.09579145,3.661158
MEIS1,-0.023663769,0.05829545,4.605669,9.043857,5.6064806,-0.077645645,5.793092,6.5910473,4.105782,-0.05422624,2.335594,2.1906576,-0.040992532,3.0016332,-0.07086735,2.3785844
GAA,-0.032409154,0.24938427,5.430331,12.626845,7.284371,-0.09840555,7.434479,8.930581,5.1147103,-0.07988461,3.828864,2.8012486,-0.048011065,4.1668396,-0.09576758,3.7355838
RNF13,-0.032399144,0.24947022,5.429594,12.626422,7.284345,-0.09840604,7.435612,8.932935,5.114955,-0.079879925,3.8275285,2.7999816,-0.04801212,4.1654925,-0.09577729,3.7377405
GFI1B,-0.023383202,0.060890906,4.556486,8.975115,5.5491543,-0.07697696,5.74073,6.5469027,4.06452,-0.054054704,2.3290272,2.1667042,-0.0404921,2.9709156,-0.070264526,2.3404107
CST7,-0.032399144,0.24947022,5.429594,12.626422,7.284345,-0.09840604,7.435612,8.932935,5.114955,-0.079879925,3.8275285,2.7999816,-0.04801212,4.1654925,-0.09577729,3.7377405
PRKCH,-0.032399144,0.24947022,5.429594,12.626422,7.284345,-0.09840604,7.435612,8.932935,5.114955,-0.079879925,3.8275285,2.7999816,-0.04801212,4.1654925,-0.09577729,3.7377405
SPNS2,-0.032399144,0.24947022,5.429594,12.626422,7.284345,-0.09840604,7.435612,8.932935,5.114955,-0.079879925,3.8275285,2.7999816,-0.04801212,4.1654925,-0.09577729,3.7377405
APLP2,-0.032399144,0.24947022,5.429594,12.626422,7.284345,-0.09840604,7.435612,8.932935,5.114955,-0.079879925,3.8275285,2.7999816,-0.04801212,4.1654925,-0.09577729,3.7377405
ITGB2,-0.032399144,0.24947022,5.429594,12.626422,7.284345,-0.09840604,7.435612,8.932935,5.114955,-0.079879925,3.8275285,2.7999816,-0.04801212,4.1654925,-0.09577729,3.7377405
ERP29,-0.031435147,0.11852395,5.7087345,11.948753,7.588033,-0.10096966,6.8131423,8.90146,4.780508,-0.07670212,3.4640212,2.6449268,-0.05011801,3.7549045,-0.09579145,3.661158
MAGED2,-0.032399144,0.24947022,5.429594,12.626422,7.284345,-0.09840604,7.435612,8.932935,5.114955,-0.079879925,3.8275285,2.7999816,-0.04801212,4.1654925,-0.09577729,3.7377405
SAT1,-0.032399144,0.24947022,5.429594,12.626422,7.284345,-0.09840604,7.435612,8.932935,5.114955,-0.079879925,3.8275285,2.7999816,-0.04801212,4.1654925,-0.09577729,3.7377405
IGHV1-74,-0.032399144,0.24947022,5.429594,12.626422,7.284345,-0.09840604,7.435612,8.932935,5.114955,-0.079879925,3.8275285,2.7999816,-0.04801212,4.1654925,-0.09577729,3.7377405
CBX7,-0.032399144,0.24947022,5.429594,12.626422,7.284345,-0.09840604,7.435612,8.932935,5.114955,-0.079879925,3.8275285,2.7999816,-0.04801212,4.1654925,-0.09577729,3.7377405
DHRS3,-0.032399144,0.24947022,5.429594,12.626422,7.284345,-0.09840604,7.435612,8.932935,5.114955,-0.079879925,3.8275285,2.7999816,-0.04801212,4.1654925,-0.09577729,3.7377405
CNN3,-0.032399144,0.24947022,5.429594,12.626422,7.284345,-0.09840604,7.435612,8.932935,5.114955,-0.079879925,3.8275285,2.7999816,-0.04801212,4.1654925,-0.09577729,3.7377405
CD81,-0.032399144,0.24947022,5.429594,12.626422,7.284345,-0.09840604,7.435612,8.932935,5.114955,-0.079879925,3.8275285,2.7999816,-0.04801212,4.1654925,-0.09577729,3.7377405
XRCC6,-0.024320282,0.08461281,4.662344,9.284242,5.652476,-0.07897087,5.9334188,6.7604795,4.1320205,-0.05664824,2.532873,2.1867077,-0.040818866,3.070313,-0.07220455,2.4263952
RGS2,-0.034612358,-0.0022729004,5.3230457,13.011087,6.4566417,-0.09400652,7.1350665,8.655466,5.199446,-0.07758408,3.4630132,3.2846866,-0.054138448,4.4661517,-0.08760562,3.1048284
ADGRL4,-0.032399144,0.24947022,5.429594,12.626422,7.284345,-0.09840604,7.435612,8.932935,5.114955,-0.079879925,3.8275285,2.7999816,-0.04801212,4.1654925,-0.09577729,3.7377405
IL7R,-0.025675964,0.088059746,4.797689,9.652637,5.844149,-0.08190493,6.1669083,7.0031924,4.2843113,-0.059036374,2.6176794,2.2813675,-0.042382944,3.2043378,-0.0749348,2.5495486
RASAL3,-0.032399144,0.24947022,5.429594,12.626422,7.284345,-0.09840604,7.435612,8.932935,5.114955,-0.079879925,3.8275285,2.7999816,-0.04801212,4.1654925,-0.09577729,3.7377405
NDRG2,-0.032399144,0.24947022,5.429594,12.626422,7.284345,-0.09840604,7.435612,8.932935,5.114955,-0.079879925,3.8275285,2.7999816,-0.04801212,4.1654925,-0.09577729,3.7377405
FSTL1,-0.032399144,0.24947022,5.429594,12.626422,7.284345,-0.09840604,7.435612,8.932935,5.114955,-0.079879925,3.8275285,2.7999816,-0.04801212,4.1654925,-0.09577729,3.7377405
LPCAT2,-0.033155218,-0.0006537569,4.997864,12.279081,7.263211,-0.10032665,7.3610015,8.853268,4.6446166,-0.08331026,3.5885482,2.7541065,-0.04925769,4.1248007,-0.09154047,3.3918839
PDGFRB,-0.032399144,0.24947022,5.429594,12.626422,7.284345,-0.09840604,7.435612,8.932935,5.114955,-0.079879925,3.8275285,2.7999816,-0.04801212,4.1654925,-0.09577729,3.7377405
NRROS,-0.032399144,0.24947022,5.429594,12.626422,7.284345,-0.09840604,7.435612,8.932935,5.114955,-0.079879925,3.8275285,2.7999816,-0.04801212,4.1654925,-0.09577729,3.7377405
BDH2,-0.032400545,0.2501577,5.4307017,12.626792,7.283788,-0.09839887,7.435599,8.933974,5.1141553,-0.07987558,3.8276305,2.7999234,-0.04801602,4.1652346,-0.09577194,3.737451
IFI27,-0.032399144,0.24947022,5.429594,12.626422,7.284345,-0.09840604,7.435612,8.932935,5.114955,-0.079879925,3.8275285,2.7999816,-0.04801212,4.1654925,-0.09577729,3.7377405
H2-OB,-0.032399144,0.24947022,5.429594,12.626422,7.284345,-0.09840604,7.435612,8.932935,5.114955,-0.079879925,3.8275285,2.7999816,-0.04801212,4.1654925,-0.09577729,3.7377405
STXBP1,-0.032399144,0.24947022,5.429594,12.626422,7.284345,-0.09840604,7.435612,8.932935,5.114955,-0.079879925,3.8275285,2.7999816,-0.04801212,4.1654925,-0.09577729,3.7377405
SERPINB1A,-0.032399144,0.24947022,5.429594,12.626422,7.284345,-0.09840604,7.435612,8.932935,5.114955,-0.079879925,3.8275285,2.7999816,-0.04801212,4.1654925,-0.09577729,3.7377405
TESPA1,-0.032399144,0.24947022,5.429594,12.626422,7.284345,-0.09840604,7.435612,8.932935,5.114955,-0.079879925,3.8275285,2.7999816,-0.04801212,4.1654925,-0.09577729,3.7377405
FCHO2,-0.032399144,0.24947022,5.429594,12.626422,7.284345,-0.09840604,7.435612,8.932935,5.114955,-0.079879925,3.8275285,2.7999816,-0.04801212,4.1654925,-0.09577729,3.7377405
NAPSA,-0.032399144,0.24947022,5.429594,12.626422,7.284345,-0.09840604,7.435612,8.932935,5.114955,-0.079879925,3.8275285,2.7999816,-0.04801212,4.1654925,-0.09577729,3.7377405
AKNA,-0.032399144,0.24947022,5.429594,12.626422,7.284345,-0.09840604,7.435612,8.932935,5.114955,-0.079879925,3.8275285,2.7999816,-0.04801212,4.1654925,-0.09577729,3.7377405
PLXNA4OS1,-0.032399144,0.24947022,5.429594,12.626422,7.284345,-0.09840604,7.435612,8.932935,5.114955,-0.079879925,3.8275285,2.7999816,-0.04801212,4.1654925,-0.09577729,3.7377405
DUSP1,-0.03246605,0.25374722,5.431021,12.619405,7.2772717,-0.09834952,7.4279456,8.931438,5.114335,-0.07984968,3.8212318,2.7954702,-0.0479643,4.1657224,-0.09570661,3.7417178
SLC43A2,-0.033155218,-0.0006537569,4.997864,12.279081,7.263211,-0.10032665,7.3610015,8.853268,4.6446166,-0.08331026,3.5885482,2.7541065,-0.04925769,4.1248007,-0.09154047,3.3918839
EEPD1,-0.032399144,0.24947022,5.429594,12.626422,7.284345,-0.09840604,7.435612,8.932935,5.114955,-0.079879925,3.8275285,2.7999816,-0.04801212,4.1654925,-0.09577729,3.7377405
RNF213,-0.03238022,0.2563644,5.4224315,12.613757,7.2712326,-0.09830567,7.424249,8.931287,5.1039033,-0.07979315,3.8293111,2.7947946,-0.047932524,4.156132,-0.095705695,3.7442923
TFEC,-0.03787503,0.48802477,5.298269,12.691375,6.7130995,-0.09532186,6.952124,8.089344,4.440078,-0.07624722,4.179055,3.023976,-0.040677674,4.4771857,-0.08734629,4.008794
GP9,-0.032399144,0.24947022,5.429594,12.626422,7.284345,-0.09840604,7.435612,8.932935,5.114955,-0.079879925,3.8275285,2.7999816,-0.04801212,4.1654925,-0.09577729,3.7377405
PSTPIP1,-0.032399144,0.24947022,5.429594,12.626422,7.284345,-0.09840604,7.435612,8.932935,5.114955,-0.079879925,3.8275285,2.7999816,-0.04801212,4.1654925,-0.09577729,3.7377405
GM973,-0.032399144,0.24947022,5.429594,12.626422,7.284345,-0.09840604,7.435612,8.932935,5.114955,-0.079879925,3.8275285,2.7999816,-0.04801212,4.1654925,-0.09577729,3.7377405
USP11,-0.032400947,0.2504068,5.43103,12.626465,7.2832594,-0.098396964,7.434673,8.933588,5.1146164,-0.07987374,3.8275483,2.7998188,-0.048005495,4.1660223,-0.095787704,3.7365105
LYN,-0.032399144,0.24947022,5.429594,12.626422,7.284345,-0.09840604,7.435612,8.932935,5.114955,-0.079879925,3.8275285,2.7999816,-0.04801212,4.1654925,-0.09577729,3.7377405
CRACR2B,-0.032399144,0.24947022,5.429594,12.626422,7.284345,-0.09840604,7.435612,8.932935,5.114955,-0.079879925,3.8275285,2.7999816,-0.04801212,4.1654925,-0.09577729,3.7377405
CYFIP2,-0.032399144,0.24947022,5.429594,12.626422,7.284345,-0.09840604,7.435612,8.932935,5.114955,-0.079879925,3.8275285,2.7999816,-0.04801212,4.1654925,-0.09577729,3.7377405
RORA,-0.03240489,0.24751161,5.42627,12.625114,7.284065,-0.098381825,7.435408,8.93329,5.1118035,-0.079897895,3.8297734,2.7980275,-0.047972888,4.1627793,-0.09575486,3.7398186
CD7,-0.033980235,0.24230562,5.51355,12.58292,7.288442,-0.10055681,7.6642246,8.936567,5.2417035,-0.07997273,3.6562116,2.8331523,-0.05019159,4.2847524,-0.09535497,3.5861776
SLC35D3,-0.032399144,0.24947022,5.429594,12.626422,7.284345,-0.09840604,7.435612,8.932935,5.114955,-0.079879925,3.8275285,2.7999816,-0.04801212,4.1654925,-0.09577729,3.7377405
LONP2,-0.032399144,0.24947022,5.429594,12.626422,7.284345,-0.09840604,7.435612,8.932935,5.114955,-0.079879925,3.8275285,2.7999816,-0.04801212,4.1654925,-0.09577729,3.7377405
PLXNC1,-0.032399144,0.24947022,5.429594,12.626422,7.284345,-0.09840604,7.435612,8.932935,5.114955,-0.079879925,3.8275285,2.7999816,-0.04801212,4.1654925,-0.09577729,3.7377405
NPDC1,-0.032399144,0.24947022,5.429594,12.626422,7.284345,-0.09840604,7.435612,8.932935,5.114955,-0.079879925,3.8275285,2.7999816,-0.04801212,4.1654925,-0.09577729,3.7377405
IL17RE,-0.032441102,0.24761073,5.413775,12.624174,7.2847524,-0.09841872,7.4364457,8.92442,5.1172495,-0.07971199,3.813979,2.7987082,-0.047985606,4.1591945,-0.09564674,3.7430694
MCM5,-0.021430116,0.079193495,4.3136096,8.33425,5.14757,-0.071532786,5.3061414,6.125102,3.7488961,-0.050336566,2.1718872,2.0020022,-0.03776695,2.7076373,-0.065357864,2.1210954
PPM1G,-0.032399144,0.24947022,5.429594,12.626422,7.284345,-0.09840604,7.435612,8.932935,5.114955,-0.079879925,3.8275285,2.7999816,-0.04801212,4.1654925,-0.09577729,3.7377405
IKZF1,-0.022474863,0.06288602,4.458105,8.66365,5.36509,-0.07430356,5.5404735,6.351937,3.901236,-0.052142538,2.2580907,2.0858617,-0.039259933,2.8427181,-0.067865744,2.25216
GPR18,-0.032399144,0.24947022,5.429594,12.626422,7.284345,-0.09840604,7.435612,8.932935,5.114955,-0.079879925,3.8275285,2.7999816,-0.04801212,4.1654925,-0.09577729,3.7377405
STK17B,-0.032399144,0.24947022,5.429594,12.626422,7.284345,-0.09840604,7.435612,8.932935,5.114955,-0.079879925,3.8275285,2.7999816,-0.04801212,4.1654925,-0.09577729,3.7377405
PLD4,-0.035427038,0.83041793,5.4603333,11.709894,6.292648,-0.10382231,6.5803227,7.861278,4.3272614,-0.08108736,2.5201337,3.0609794,-0.037062358,3.447894,-0.08440459,3.292303
STK10,-0.036746055,0.2157105,5.1859155,12.038579,6.872944,-0.09835107,7.9619613,8.318919,5.1681623,-0.076943375,3.5589182,2.9190495,-0.051080026,4.193999,-0.09750684,4.2143445
GSN,-0.032399144,0.24947022,5.429594,12.626422,7.284345,-0.09840604,7.435612,8.932935,5.114955,-0.079879925,3.8275285,2.7999816,-0.04801212,4.1654925,-0.09577729,3.7377405
RCSD1,-0.02910491,-0.005225531,5.289087,10.345836,7.611705,-0.09235651,8.495833,6.5972505,5.6456923,-0.05746518,1.8175548,2.696956,-0.06140376,4.8899055,-0.08945277,5.1090875
STARD4,-0.03239186,0.2520603,5.433314,12.624003,7.283155,-0.09843184,7.431499,8.933898,5.1094346,-0.07984374,3.82369,2.79455,-0.048021514,4.168584,-0.09574977,3.7371073
FUCA2,-0.032399144,0.24947022,5.429594,12.626422,7.284345,-0.09840604,7.435612,8.932935,5.114955,-0.079879925,3.8275285,2.7999816,-0.04801212,4.1654925,-0.09577729,3.7377405
GM37124,-0.032399144,0.24947022,5.429594,12.626422,7.284345,-0.09840604,7.435612,8.932935,5.114955,-0.079879925,3.8275285,2.7999816,-0.04801212,4.1654925,-0.09577729,3.7377405
NUCB2,-0.032399144,0.24947022,5.429594,12.626422,7.284345,-0.09840604,7.435612,8.932935,5.114955,-0.079879925,3.8275285,2.7999816,-0.04801212,4.1654925,-0.09577729,3.7377405
LCK,-0.032399144,0.24947022,5.429594,12.626422,7.284345,-0.09840604,7.435612,8.932935,5.114955,-0.079879925,3.8275285,2.7999816,-0.04801212,4.1654925,-0.09577729,3.7377405
NOTCH1,-0.024747653,0.10313087,4.6609483,9.319141,5.6869044,-0.079008386,5.9478016,6.776358,4.1661177,-0.056573212,2.492784,2.2218204,-0.04109754,3.0937839,-0.07246484,2.446909
DUSP6,-0.032399144,0.24947022,5.429594,12.626422,7.284345,-0.09840604,7.435612,8.932935,5.114955,-0.079879925,3.8275285,2.7999816,-0.04801212,4.1654925,-0.09577729,3.7377405
MSMO1,-0.034612358,-0.0022729004,5.3230457,13.011087,6.4566417,-0.09400652,7.1350665,8.655466,5.199446,-0.07758408,3.4630132,3.2846866,-0.054138448,4.4661517,-0.08760562,3.1048284
CD55,-0.032399144,0.24947022,5.429594,12.626422,7.284345,-0.09840604,7.435612,8.932935,5.114955,-0.079879925,3.8275285,2.7999816,-0.04801212,4.1654925,-0.09577729,3.7377405
CD63-PS,-0.032399144,0.24947022,5.429594,12.626422,7.284345,-0.09840604,7.435612,8.932935,5.114955,-0.079879925,3.8275285,2.7999816,-0.04801212,4.1654925,-0.09577729,3.7377405
MAML3,-0.025066532,0.11831569,4.780055,9.515288,5.7898707,-0.08065942,6.0745687,6.9091783,4.246644,-0.058084965,2.589816,2.2446828,-0.041860893,3.1429045,-0.074348636,2.506909
SATB1,-0.032399144,0.24947022,5.429594,12.626422,7.284345,-0.09840604,7.435612,8.932935,5.114955,-0.079879925,3.8275285,2.7999816,-0.04801212,4.1654925,-0.09577729,3.7377405
TFPI,-0.03234576,0.25335193,5.4346604,12.621888,7.279579,-0.098438926,7.430983,8.934766,5.1100173,-0.07991615,3.8251235,2.7938786,-0.04799653,4.160231,-0.095835276,3.7401166
DCK,-0.032399144,0.24947022,5.429594,12.626422,7.284345,-0.09840604,7.435612,8.932935,5.114955,-0.079879925,3.8275285,2.7999816,-0.04801212,4.1654925,-0.09577729,3.7377405
CDK6,-0.02298953,0.06968521,4.429477,8.75175,5.400471,-0.07507265,5.5961194,6.3606033,3.983647,-0.052118428,2.2264817,2.1647344,-0.03975344,2.9172497,-0.06834541,2.2796426
PPIC,-0.035023175,0.659308,3.9618669,11.990152,7.7804174,-0.08366266,5.96688,8.102021,5.2914968,-0.066672556,2.92628,3.3011358,-0.05100982,3.4841647,-0.09976447,3.7207046
FLT3,-0.023716368,0.07518517,4.57304,9.027175,5.5648384,-0.077149466,5.767401,6.58545,4.060411,-0.054630145,2.3789349,2.163479,-0.040418155,2.9866247,-0.070579134,2.3660455
SLCO3A1,-0.032399144,0.24947022,5.429594,12.626422,7.284345,-0.09840604,7.435612,8.932935,5.114955,-0.079879925,3.8275285,2.7999816,-0.04801212,4.1654925,-0.09577729,3.7377405
CPNE8,-0.032399144,0.24947022,5.429594,12.626422,7.284345,-0.09840604,7.435612,8.932935,5.114955,-0.079879925,3.8275285,2.7999816,-0.04801212,4.1654925,-0.09577729,3.7377405
FGD2,-0.032399144,0.24947022,5.429594,12.626422,7.284345,-0.09840604,7.435612,8.932935,5.114955,-0.079879925,3.8275285,2.7999816,-0.04801212,4.1654925,-0.09577729,3.7377405
SNAP23,-0.032399144,0.24947022,5.429594,12.626422,7.284345,-0.09840604,7.435612,8.932935,5.114955,-0.079879925,3.8275285,2.7999816,-0.04801212,4.1654925,-0.09577729,3.7377405
DUSP5,-0.024758,-0.004887934,5.5327654,10.933679,8.023106,-0.09241148,7.969483,7.2112656,5.592485,-0.060401723,2.0861652,2.577888,-0.058335852,4.861399,-0.08772322,4.632483
SEMA3D,-0.032399144,0.24947022,5.429594,12.626422,7.284345,-0.09840604,7.435612,8.932935,5.114955,-0.079879925,3.8275285,2.7999816,-0.04801212,4.1654925,-0.09577729,3.7377405
FHL1,-0.03246605,0.25374722,5.431021,12.619405,7.2772717,-0.09834952,7.4279456,8.931438,5.114335,-0.07984968,3.8212318,2.7954702,-0.0479643,4.1657224,-0.09570661,3.7417178
SLC44A2,-0.03240489,0.24751161,5.42627,12.625114,7.284065,-0.098381825,7.435408,8.93329,5.1118035,-0.079897895,3.8297734,2.7980275,-0.047972888,4.1627793,-0.09575486,3.7398186
CLIP3,-0.032399144,0.24947022,5.429594,12.626422,7.284345,-0.09840604,7.435612,8.932935,5.114955,-0.079879925,3.8275285,2.7999816,-0.04801212,4.1654925,-0.09577729,3.7377405
SPI1,-0.022048077,0.0791988,4.3889155,8.496393,5.258819,-0.07283997,5.4228835,6.2644773,3.8074706,-0.051447667,2.2422023,2.032003,-0.038489394,2.771967,-0.06670531,2.1896057
NLRC3,-0.032403674,0.25046426,5.4288015,12.626774,7.2838335,-0.09840577,7.435859,8.933823,5.115733,-0.07988385,3.8266308,2.7995796,-0.048021868,4.1660066,-0.09577072,3.7365913
ELOVL5,-0.032399144,0.24947022,5.429594,12.626422,7.284345,-0.09840604,7.435612,8.932935,5.114955,-0.079879925,3.8275285,2.7999816,-0.04801212,4.1654925,-0.09577729,3.7377405
PANX1,-0.032399144,0.24947022,5.429594,12.626422,7.284345,-0.09840604,7.435612,8.932935,5.114955,-0.079879925,3.8275285,2.7999816,-0.04801212,4.1654925,-0.09577729,3.7377405
RARB,-0.032399144,0.24947022,5.429594,12.626422,7.284345,-0.09840604,7.435612,8.932935,5.114955,-0.079879925,3.8275285,2.7999816,-0.04801212,4.1654925,-0.09577729,3.7377405
CMAH,-0.032399144,0.24947022,5.429594,12.626422,7.284345,-0.09840604,7.435612,8.932935,5.114955,-0.079879925,3.8275285,2.7999816,-0.04801212,4.1654925,-0.09577729,3.7377405
CLEC12A,-0.032399144,0.24947022,5.429594,12.626422,7.284345,-0.09840604,7.435612,8.932935,5.114955,-0.079879925,3.8275285,2.7999816,-0.04801212,4.1654925,-0.09577729,3.7377405
REL,-0.037317336,-0.004169364,4.3400874,11.806066,6.861504,-0.08912806,6.091352,9.147739,3.950598,-0.084254436,3.5692554,3.1003401,-0.05196825,4.4044843,-0.085298106,4.3448524
MN1,-0.034612358,-0.0022729004,5.3230457,13.011087,6.4566417,-0.09400652,7.1350665,8.655466,5.199446,-0.07758408,3.4630132,3.2846866,-0.054138448,4.4661517,-0.08760562,3.1048284
NKG7,-0.032402787,0.25015116,5.4297614,12.625409,7.284324,-0.09839323,7.435745,8.9341135,5.11628,-0.0798752,3.828524,2.798813,-0.04800901,4.1665735,-0.09577783,3.7385192
TUBB4B,-0.035023175,0.659308,3.9618669,11.990152,7.7804174,-0.08366266,5.96688,8.102021,5.2914968,-0.066672556,2.92628,3.3011358,-0.05100982,3.4841647,-0.09976447,3.7207046
OBSL1,-0.032399144,0.24947022,5.429594,12.626422,7.284345,-0.09840604,7.435612,8.932935,5.114955,-0.079879925,3.8275285,2.7999816,-0.04801212,4.1654925,-0.09577729,3.7377405
TBXAS1,-0.032399144,0.24947022,5.429594,12.626422,7.284345,-0.09840604,7.435612,8.932935,5.114955,-0.079879925,3.8275285,2.7999816,-0.04801212,4.1654925,-0.09577729,3.7377405
SELPLG,-0.032399144,0.24947022,5.429594,12.626422,7.284345,-0.09840604,7.435612,8.932935,5.114955,-0.079879925,3.8275285,2.7999816,-0.04801212,4.1654925,-0.09577729,3.7377405
EFNA1,-0.032399144,0.24947022,5.429594,12.626422,7.284345,-0.09840604,7.435612,8.932935,5.114955,-0.079879925,3.8275285,2.7999816,-0.04801212,4.1654925,-0.09577729,3.7377405
ITGAM,-0.032399144,0.24947022,5.429594,12.626422,7.284345,-0.09840604,7.435612,8.932935,5.114955,-0.079879925,3.8275285,2.7999816,-0.04801212,4.1654925,-0.09577729,3.7377405
GOLM1,-0.037606515,0.3553787,5.3464828,12.102685,5.470431,-0.099418744,6.2919116,7.5775523,4.4105906,-0.07882713,2.167351,3.5476954,-0.0431836,3.7472174,-0.0762539,2.6495724
SPC24,-0.032399144,0.24947022,5.429594,12.626422,7.284345,-0.09840604,7.435612,8.932935,5.114955,-0.079879925,3.8275285,2.7999816,-0.04801212,4.1654925,-0.09577729,3.7377405
PRR5,-0.032399144,0.24947022,5.429594,12.626422,7.284345,-0.09840604,7.435612,8.932935,5.114955,-0.079879925,3.8275285,2.7999816,-0.04801212,4.1654925,-0.09577729,3.7377405
PLEK,-0.022451801,1.1412697,3.8009584,7.728465,5.6230197,-0.066401534,4.351705,6.244271,3.4994664,-0.048633415,2.5979674,1.9977248,-0.030138386,3.2001786,-0.06777068,2.1375172
ITGAL,-0.024758,-0.004887934,5.5327654,10.933679,8.023106,-0.09241148,7.969483,7.2112656,5.592485,-0.060401723,2.0861652,2.577888,-0.058335852,4.861399,-0.08772322,4.632483
MEF2C,-0.032399144,0.24947022,5.429594,12.626422,7.284345,-0.09840604,7.435612,8.932935,5.114955,-0.079879925,3.8275285,2.7999816,-0.04801212,4.1654925,-0.09577729,3.7377405
GRAMD1A,-0.032399144,0.24947022,5.429594,12.626422,7.284345,-0.09840604,7.435612,8.932935,5.114955,-0.079879925,3.8275285,2.7999816,-0.04801212,4.1654925,-0.09577729,3.7377405
CORO7,-0.032399144,0.24947022,5.429594,12.626422,7.284345,-0.09840604,7.435612,8.932935,5.114955,-0.079879925,3.8275285,2.7999816,-0.04801212,4.1654925,-0.09577729,3.7377405
GIMAP3,-0.032399144,0.24947022,5.429594,12.626422,7.284345,-0.09840604,7.435612,8.932935,5.114955,-0.079879925,3.8275285,2.7999816,-0.04801212,4.1654925,-0.09577729,3.7377405
HLF,-0.032399144,0.24947022,5.429594,12.626422,7.284345,-0.09840604,7.435612,8.932935,5.114955,-0.079879925,3.8275285,2.7999816,-0.04801212,4.1654925,-0.09577729,3.7377405
GUCY1A1,-0.032399144,0.24947022,5.429594,12.626422,7.284345,-0.09840604,7.435612,8.932935,5.114955,-0.079879925,3.8275285,2.7999816,-0.04801212,4.1654925,-0.09577729,3.7377405
N4BP3,-0.032399144,0.24947022,5.429594,12.626422,7.284345,-0.09840604,7.435612,8.932935,5.114955,-0.079879925,3.8275285,2.7999816,-0.04801212,4.1654925,-0.09577729,3.7377405
ME2,-0.032399144,0.24947022,5.429594,12.626422,7.284345,-0.09840604,7.435612,8.932935,5.114955,-0.079879925,3.8275285,2.7999816,-0.04801212,4.1654925,-0.09577729,3.7377405
ARHGEF39,-0.032399144,0.24947022,5.429594,12.626422,7.284345,-0.09840604,7.435612,8.932935,5.114955,-0.079879925,3.8275285,2.7999816,-0.04801212,4.1654925,-0.09577729,3.7377405
AMPD2,-0.032399144,0.24947022,5.429594,12.626422,7.284345,-0.09840604,7.435612,8.932935,5.114955,-0.079879925,3.8275285,2.7999816,-0.04801212,4.1654925,-0.09577729,3.7377405
IFI206,-0.023097362,-0.0021172161,5.0895863,11.924785,6.135388,-0.08439893,7.5786424,8.267872,5.838552,-0.07403954,4.1360598,1.8293011,-0.051888097,3.1431496,-0.09696816,2.7496548
SLC16A10,-0.032399144,0.24947022,5.429594,12.626422,7.284345,-0.09840604,7.435612,8.932935,5.114955,-0.079879925,3.8275285,2.7999816,-0.04801212,4.1654925,-0.09577729,3.7377405
CTR9,-0.026311895,0.42452356,3.3538685,8.571017,6.0725255,-0.065253824,4.550915,5.8962917,4.279837,-0.043077163,1.5780859,2.6521902,-0.043687496,2.4434683,-0.07467745,2.3907514
CCDC112,-0.035361536,0.8268283,5.460014,11.717281,6.2991652,-0.103871666,6.587976,7.8638134,4.327082,-0.081113264,2.526532,3.065432,-0.037114076,3.4474063,-0.084469914,3.2880363
PRSS57,-0.032399144,0.24947022,5.429594,12.626422,7.284345,-0.09840604,7.435612,8.932935,5.114955,-0.079879925,3.8275285,2.7999816,-0.04801212,4.1654925,-0.09577729,3.7377405
RAG2,-0.032399144,0.24947022,5.429594,12.626422,7.284345,-0.09840604,7.435612,8.932935,5.114955,-0.079879925,3.8275285,2.7999816,-0.04801212,4.1654925,-0.09577729,3.7377405
ITSN1,-0.032399144,0.24947022,5.429594,12.626422,7.284345,-0.09840604,7.435612,8.932935,5.114955,-0.079879925,3.8275285,2.7999816,-0.04801212,4.1654925,-0.09577729,3.7377405
MECOM,-0.030963382,1.5306146,4.4956727,11.053749,7.333011,-0.08538618,5.7334332,8.538556,4.422132,-0.07305702,4.124831,2.5703883,-0.03557282,4.4098105,-0.092401214,3.4560413
TRPC6,-0.033155218,-0.0006537569,4.997864,12.279081,7.263211,-0.10032665,7.3610015,8.853268,4.6446166,-0.08331026,3.5885482,2.7541065,-0.04925769,4.1248007,-0.09154047,3.3918839
HMGB2,-0.022162255,0.07791414,4.40822,8.557639,5.2823234,-0.073440924,5.4535804,6.2911944,3.8252704,-0.052088093,2.2665942,2.0358276,-0.038440436,2.7908924,-0.0670594,2.2029357
NFE2,-0.03787503,0.48802477,5.298269,12.691375,6.7130995,-0.09532186,6.952124,8.089344,4.440078,-0.07624722,4.179055,3.023976,-0.040677674,4.4771857,-0.08734629,4.008794
RUNX2,-0.023823304,0.06687056,4.5758142,9.048485,5.582973,-0.077686116,5.7901287,6.5893984,4.0901384,-0.054502062,2.3551023,2.1992676,-0.040826596,3.0023248,-0.07085394,2.3722806
ITGB7,-0.032403674,0.25046426,5.4288015,12.626774,7.2838335,-0.09840577,7.435859,8.933823,5.115733,-0.07988385,3.8266308,2.7995796,-0.048021868,4.1660066,-0.09577072,3.7365913
LY9,-0.031435147,0.11852395,5.7087345,11.948753,7.588033,-0.10096966,6.8131423,8.90146,4.780508,-0.07670212,3.4640212,2.6449268,-0.05011801,3.7549045,-0.09579145,3.661158
C230085N15RIK,-0.025349991,-0.0011651726,5.602001,12.276146,6.713884,-0.09363691,7.4940314,8.782159,4.7665677,-0.08300498,4.24011,2.216713,-0.045293473,3.3604178,-0.097637735,4.1132793
COQ8A,-0.032399144,0.24947022,5.429594,12.626422,7.284345,-0.09840604,7.435612,8.932935,5.114955,-0.079879925,3.8275285,2.7999816,-0.04801212,4.1654925,-0.09577729,3.7377405
SOCS2,-0.032399144,0.24947022,5.429594,12.626422,7.284345,-0.09840604,7.435612,8.932935,5.114955,-0.079879925,3.8275285,2.7999816,-0.04801212,4.1654925,-0.09577729,3.7377405
TMEM37,-0.032399144,0.24947022,5.429594,12.626422,7.284345,-0.09840604,7.435612,8.932935,5.114955,-0.079879925,3.8275285,2.7999816,-0.04801212,4.1654925,-0.09577729,3.7377405
ARPP21,-0.032399144,0.24947022,5.429594,12.626422,7.284345,-0.09840604,7.435612,8.932935,5.114955,-0.079879925,3.8275285,2.7999816,-0.04801212,4.1654925,-0.09577729,3.7377405
PLPPR3,-0.032399144,0.24947022,5.429594,12.626422,7.284345,-0.09840604,7.435612,8.932935,5.114955,-0.079879925,3.8275285,2.7999816,-0.04801212,4.1654925,-0.09577729,3.7377405
AFF3,-0.032399144,0.24947022,5.429594,12.626422,7.284345,-0.09840604,7.435612,8.932935,5.114955,-0.079879925,3.8275285,2.7999816,-0.04801212,4.1654925,-0.09577729,3.7377405
CREG1,-0.032399144,0.24947022,5.429594,12.626422,7.284345,-0.09840604,7.435612,8.932935,5.114955,-0.079879925,3.8275285,2.7999816,-0.04801212,4.1654925,-0.09577729,3.7377405
GIMAP4,-0.032399144,0.24947022,5.429594,12.626422,7.284345,-0.09840604,7.435612,8.932935,5.114955,-0.079879925,3.8275285,2.7999816,-0.04801212,4.1654925,-0.09577729,3.7377405
LDHD,-0.032399144,0.24947022,5.429594,12.626422,7.284345,-0.09840604,7.435612,8.932935,5.114955,-0.079879925,3.8275285,2.7999816,-0.04801212,4.1654925,-0.09577729,3.7377405
FCRL1,-0.031435147,0.11852395,5.7087345,11.948753,7.588033,-0.10096966,6.8131423,8.90146,4.780508,-0.07670212,3.4640212,2.6449268,-0.05011801,3.7549045,-0.09579145,3.661158
PPCDC,-0.032399144,0.24947022,5.429594,12.626422,7.284345,-0.09840604,7.435612,8.932935,5.114955,-0.079879925,3.8275285,2.7999816,-0.04801212,4.1654925,-0.09577729,3.7377405
CISH,-0.032399144,0.24947022,5.429594,12.626422,7.284345,-0.09840604,7.435612,8.932935,5.114955,-0.079879925,3.8275285,2.7999816,-0.04801212,4.1654925,-0.09577729,3.7377405
SLC22A3,-0.032399144,0.24947022,5.429594,12.626422,7.284345,-0.09840604,7.435612,8.932935,5.114955,-0.079879925,3.8275285,2.7999816,-0.04801212,4.1654925,-0.09577729,3.7377405
DENND2D,-0.032399144,0.24947022,5.429594,12.626422,7.284345,-0.09840604,7.435612,8.932935,5.114955,-0.079879925,3.8275285,2.7999816,-0.04801212,4.1654925,-0.09577729,3.7377405
EBI3,-0.032399144,0.24947022,5.429594,12.626422,7.284345,-0.09840604,7.435612,8.932935,5.114955,-0.079879925,3.8275285,2.7999816,-0.04801212,4.1654925,-0.09577729,3.7377405
FLNA,-0.032399144,0.24947022,5.429594,12.626422,7.284345,-0.09840604,7.435612,8.932935,5.114955,-0.079879925,3.8275285,2.7999816,-0.04801212,4.1654925,-0.09577729,3.7377405
RAMP1,-0.032402787,0.25015116,5.4297614,12.625409,7.284324,-0.09839323,7.435745,8.9341135,5.11628,-0.0798752,3.828524,2.798813,-0.04800901,4.1665735,-0.09577783,3.7385192
FAM110C,-0.032399144,0.24947022,5.429594,12.626422,7.284345,-0.09840604,7.435612,8.932935,5.114955,-0.079879925,3.8275285,2.7999816,-0.04801212,4.1654925,-0.09577729,3.7377405
PLSCR4,-0.032399144,0.24947022,5.429594,12.626422,7.284345,-0.09840604,7.435612,8.932935,5.114955,-0.079879925,3.8275285,2.7999816,-0.04801212,4.1654925,-0.09577729,3.7377405
FUT8,-0.032399144,0.24947022,5.429594,12.626422,7.284345,-0.09840604,7.435612,8.932935,5.114955,-0.079879925,3.8275285,2.7999816,-0.04801212,4.1654925,-0.09577729,3.7377405
AFDN,-0.032399144,0.24947022,5.429594,12.626422,7.284345,-0.09840604,7.435612,8.932935,5.114955,-0.079879925,3.8275285,2.7999816,-0.04801212,4.1654925,-0.09577729,3.7377405
KLHL4,-0.037317336,-0.004169364,4.3400874,11.806066,6.861504,-0.08912806,6.091352,9.147739,3.950598,-0.084254436,3.5692554,3.1003401,-0.05196825,4.4044843,-0.085298106,4.3448524
IFI213,-0.023090078,-0.0020913149,5.093306,11.922365,6.1341977,-0.08442474,7.574528,8.268834,5.8330317,-0.07400335,4.132221,1.8238692,-0.051897492,3.1462412,-0.09694066,2.749022
IL1R1,-0.032399144,0.24947022,5.429594,12.626422,7.284345,-0.09840604,7.435612,8.932935,5.114955,-0.079879925,3.8275285,2.7999816,-0.04801212,4.1654925,-0.09577729,3.7377405
CD69,-0.032399144,0.24947022,5.429594,12.626422,7.284345,-0.09840604,7.435612,8.932935,5.114955,-0.079879925,3.8275285,2.7999816,-0.04801212,4.1654925,-0.09577729,3.7377405
PF4,-0.019066796,0.88528657,5.7795095,11.020684,6.735264,-0.097198755,7.158081,7.9365716,4.9870114,-0.06603858,4.073321,2.9872067,-0.044079974,2.6997602,-0.10236087,2.2451355
IL18RAP,-0.032399144,0.24947022,5.429594,12.626422,7.284345,-0.09840604,7.435612,8.932935,5.114955,-0.079879925,3.8275285,2.7999816,-0.04801212,4.1654925,-0.09577729,3.7377405
EPSTI1,-0.032399144,0.24947022,5.429594,12.626422,7.284345,-0.09840604,7.435612,8.932935,5.114955,-0.079879925,3.8275285,2.7999816,-0.04801212,4.1654925,-0.09577729,3.7377405
TIPIN,-0.021073664,0.07591706,4.2871966,8.247513,5.091026,-0.07086277,5.245044,6.070435,3.6975536,-0.049879126,2.1521018,1.9793605,-0.037379604,2.667597,-0.06464812,2.082817
CIPC,-0.032399144,0.24947022,5.429594,12.626422,7.284345,-0.09840604,7.435612,8.932935,5.114955,-0.079879925,3.8275285,2.7999816,-0.04801212,4.1654925,-0.09577729,3.7377405
F11R,-0.032399144,0.24947022,5.429594,12.626422,7.284345,-0.09840604,7.435612,8.932935,5.114955,-0.079879925,3.8275285,2.7999816,-0.04801212,4.1654925,-0.09577729,3.7377405
TTC39B,-0.032399144,0.24947022,5.429594,12.626422,7.284345,-0.09840604,7.435612,8.932935,5.114955,-0.079879925,3.8275285,2.7999816,-0.04801212,4.1654925,-0.09577729,3.7377405
PPP1R15A,-0.032399144,0.24947022,5.429594,12.626422,7.284345,-0.09840604,7.435612,8.932935,5.114955,-0.079879925,3.8275285,2.7999816,-0.04801212,4.1654925,-0.09577729,3.7377405
TGM2,-0.032399144,0.24947022,5.429594,12.626422,7.284345,-0.09840604,7.435612,8.932935,5.114955,-0.079879925,3.8275285,2.7999816,-0.04801212,4.1654925,-0.09577729,3.7377405
SELENOP,-0.032399144,0.24947022,5.429594,12.626422,7.284345,-0.09840604,7.435612,8.932935,5.114955,-0.079879925,3.8275285,2.7999816,-0.04801212,4.1654925,-0.09577729,3.7377405
RNF38,-0.03243796,0.2546953,5.4230614,12.629003,7.28118,-0.09836629,7.4382815,8.926036,5.1117544,-0.079897545,3.8329816,2.7993197,-0.047956754,4.166926,-0.09574846,3.7321987
ARRDC4,-0.032399144,0.24947022,5.429594,12.626422,7.284345,-0.09840604,7.435612,8.932935,5.114955,-0.079879925,3.8275285,2.7999816,-0.04801212,4.1654925,-0.09577729,3.7377405
NR3C2,-0.032399144,0.24947022,5.429594,12.626422,7.284345,-0.09840604,7.435612,8.932935,5.114955,-0.079879925,3.8275285,2.7999816,-0.04801212,4.1654925,-0.09577729,3.7377405
MYC,-0.02328477,0.06823062,4.554305,8.936288,5.5230913,-0.07669222,5.7114177,6.5343013,4.0177116,-0.05425617,2.353753,2.1326356,-0.040070496,2.9349906,-0.07007664,2.3317478
RBPMS,-0.032399144,0.24947022,5.429594,12.626422,7.284345,-0.09840604,7.435612,8.932935,5.114955,-0.079879925,3.8275285,2.7999816,-0.04801212,4.1654925,-0.09577729,3.7377405
NUDT19,-0.03243796,0.2546953,5.4230614,12.629003,7.28118,-0.09836629,7.4382815,8.926036,5.1117544,-0.079897545,3.8329816,2.7993197,-0.047956754,4.166926,-0.09574846,3.7321987
NT5C3,-0.03246605,0.25374722,5.431021,12.619405,7.2772717,-0.09834952,7.4279456,8.931438,5.114335,-0.07984968,3.8212318,2.7954702,-0.0479643,4.1657224,-0.09570661,3.7417178
OTUB2,-0.023012629,0.04243236,4.541249,8.8698635,5.52575,-0.07642131,5.675562,6.4806824,4.026916,-0.05316178,2.262034,2.158973,-0.04060891,2.9250937,-0.06975443,2.3259459
CD244A,-0.032399144,0.24947022,5.429594,12.626422,7.284345,-0.09840604,7.435612,8.932935,5.114955,-0.079879925,3.8275285,2.7999816,-0.04801212,4.1654925,-0.09577729,3.7377405
MPZL1,-0.030963382,1.5306146,4.4956727,11.053749,7.333011,-0.08538618,5.7334332,8.538556,4.422132,-0.07305702,4.124831,2.5703883,-0.03557282,4.4098105,-0.092401214,3.4560413
TBC1D5,-0.032399144,0.24947022,5.429594,12.626422,7.284345,-0.09840604,7.435612,8.932935,5.114955,-0.079879925,3.8275285,2.7999816,-0.04801212,4.1654925,-0.09577729,3.7377405
SERP1,-0.032399144,0.24947022,5.429594,12.626422,7.284345,-0.09840604,7.435612,8.932935,5.114955,-0.079879925,3.8275285,2.7999816,-0.04801212,4.1654925,-0.09577729,3.7377405
SELL,-0.025675964,0.088059746,4.797689,9.652637,5.844149,-0.08190493,6.1669083,7.0031924,4.2843113,-0.059036374,2.6176794,2.2813675,-0.042382944,3.2043378,-0.0749348,2.5495486
PECAM1,-0.034612358,-0.0022729004,5.3230457,13.011087,6.4566417,-0.09400652,7.1350665,8.655466,5.199446,-0.07758408,3.4630132,3.2846866,-0.054138448,4.4661517,-0.08760562,3.1048284
ART4,-0.032399144,0.24947022,5.429594,12.626422,7.284345,-0.09840604,7.435612,8.932935,5.114955,-0.079879925,3.8275285,2.7999816,-0.04801212,4.1654925,-0.09577729,3.7377405
EMB,-0.032399144,0.24947022,5.429594,12.626422,7.284345,-0.09840604,7.435612,8.932935,5.114955,-0.079879925,3.8275285,2.7999816,-0.04801212,4.1654925,-0.09577729,3.7377405
ITGA6,-0.032399144,0.24947022,5.429594,12.626422,7.284345,-0.09840604,7.435612,8.932935,5.114955,-0.079879925,3.8275285,2.7999816,-0.04801212,4.1654925,-0.09577729,3.7377405
ITGB5,-0.03536013,0.82614094,5.458906,11.716911,6.2997212,-0.103878826,6.5879884,7.8627744,4.3278813,-0.0811176,2.52643,3.0654905,-0.037110176,3.4476638,-0.08447526,3.2883258
DOCK11,-0.032399144,0.24947022,5.429594,12.626422,7.284345,-0.09840604,7.435612,8.932935,5.114955,-0.079879925,3.8275285,2.7999816,-0.04801212,4.1654925,-0.09577729,3.7377405
IGHM,-0.035023175,0.659308,3.9618669,11.990152,7.7804174,-0.08366266,5.96688,8.102021,5.2914968,-0.066672556,2.92628,3.3011358,-0.05100982,3.4841647,-0.09976447,3.7207046
JPT1,-0.032399144,0.24947022,5.429594,12.626422,7.284345,-0.09840604,7.435612,8.932935,5.114955,-0.079879925,3.8275285,2.7999816,-0.04801212,4.1654925,-0.09577729,3.7377405
GM20342,-0.032399144,0.24947022,5.429594,12.626422,7.284345,-0.09840604,7.435612,8.932935,5.114955,-0.079879925,3.8275285,2.7999816,-0.04801212,4.1654925,-0.09577729,3.7377405
SERPINA3F,-0.030962257,1.5323819,4.4955373,11.05263,7.334078,-0.08536509,5.735479,8.53859,4.424329,-0.073048696,4.1239166,2.5681477,-0.035585027,4.407785,-0.09237379,3.4545918
SLC16A11,-0.032399144,0.24947022,5.429594,12.626422,7.284345,-0.09840604,7.435612,8.932935,5.114955,-0.079879925,3.8275285,2.7999816,-0.04801212,4.1654925,-0.09577729,3.7377405
CERS4,-0.03234576,0.25335193,5.4346604,12.621888,7.279579,-0.098438926,7.430983,8.934766,5.1100173,-0.07991615,3.8251235,2.7938786,-0.04799653,4.160231,-0.095835276,3.7401166
PEAR1,-0.032399144,0.24947022,5.429594,12.626422,7.284345,-0.09840604,7.435612,8.932935,5.114955,-0.079879925,3.8275285,2.7999816,-0.04801212,4.1654925,-0.09577729,3.7377405
UAP1L1,-0.032399144,0.24947022,5.429594,12.626422,7.284345,-0.09840604,7.435612,8.932935,5.114955,-0.079879925,3.8275285,2.7999816,-0.04801212,4.1654925,-0.09577729,3.7377405
MAN1A,-0.032399144,0.24947022,5.429594,12.626422,7.284345,-0.09840604,7.435612,8.932935,5.114955,-0.079879925,3.8275285,2.7999816,-0.04801212,4.1654925,-0.09577729,3.7377405
ARHGEF18,-0.032399144,0.24947022,5.429594,12.626422,7.284345,-0.09840604,7.435612,8.932935,5.114955,-0.079879925,3.8275285,2.7999816,-0.04801212,4.1654925,-0.09577729,3.7377405
UPP1,-0.032400947,0.2504068,5.43103,12.626465,7.2832594,-0.098396964,7.434673,8.933588,5.1146164,-0.07987374,3.8275483,2.7998188,-0.048005495,4.1660223,-0.095787704,3.7365105
UBA7,-0.025283085,-0.0012079424,5.600574,12.283163,6.7209573,-0.09369341,7.501697,8.783655,4.7671876,-0.083035216,4.2464066,2.2212243,-0.04534129,3.360188,-0.09770841,4.109302
GSTT1,-0.024759402,-0.0048810574,5.533873,10.934048,8.022551,-0.09240431,7.9694705,7.2123046,5.591686,-0.060397375,2.086267,2.5778298,-0.058339752,4.8611417,-0.087717876,4.632194
KIF17,-0.032399144,0.24947022,5.429594,12.626422,7.284345,-0.09840604,7.435612,8.932935,5.114955,-0.079879925,3.8275285,2.7999816,-0.04801212,4.1654925,-0.09577729,3.7377405
SLFN2,-0.030963382,1.5306146,4.4956727,11.053749,7.333011,-0.08538618,5.7334332,8.538556,4.422132,-0.07305702,4.124831,2.5703883,-0.03557282,4.4098105,-0.092401214,3.4560413
E430014B02RIK,-0.032402787,0.25015116,5.4297614,12.625409,7.284324,-0.09839323,7.435745,8.9341135,5.11628,-0.0798752,3.828524,2.798813,-0.04800901,4.1665735,-0.09577783,3.7385192
5430427O19RIK,-0.021238055,0.41038582,5.6887803,11.407598,5.907153,-0.09278656,6.856702,7.667617,5.069208,-0.06391068,3.722355,3.473185,-0.05023282,3.0067174,-0.09431974,1.6068943
ACAP1,-0.032399144,0.24947022,5.429594,12.626422,7.284345,-0.09840604,7.435612,8.932935,5.114955,-0.079879925,3.8275285,2.7999816,-0.04801212,4.1654925,-0.09577729,3.7377405
ALDH1A1,-0.032399144,0.24947022,5.429594,12.626422,7.284345,-0.09840604,7.435612,8.932935,5.114955,-0.079879925,3.8275285,2.7999816,-0.04801212,4.1654925,-0.09577729,3.7377405
GIMAP1,-0.032399144,0.24947022,5.429594,12.626422,7.284345,-0.09840604,7.435612,8.932935,5.114955,-0.079879925,3.8275285,2.7999816,-0.04801212,4.1654925,-0.09577729,3.7377405
FGD5,-0.032399144,0.24947022,5.429594,12.626422,7.284345,-0.09840604,7.435612,8.932935,5.114955,-0.079879925,3.8275285,2.7999816,-0.04801212,4.1654925,-0.09577729,3.7377405
POLA2,-0.021297064,0.07832413,4.3078647,8.301921,5.1307464,-0.07130651,5.2841673,6.1082473,3.72715,-0.050203748,2.1672425,1.9908667,-0.03762317,2.690551,-0.06513854,2.1102376
CFP,-0.032399144,0.24947022,5.429594,12.626422,7.284345,-0.09840604,7.435612,8.932935,5.114955,-0.079879925,3.8275285,2.7999816,-0.04801212,4.1654925,-0.09577729,3.7377405
GIMAP5,-0.032399144,0.24947022,5.429594,12.626422,7.284345,-0.09840604,7.435612,8.932935,5.114955,-0.079879925,3.8275285,2.7999816,-0.04801212,4.1654925,-0.09577729,3.7377405
DPP4,-0.032399144,0.24947022,5.429594,12.626422,7.284345,-0.09840604,7.435612,8.932935,5.114955,-0.079879925,3.8275285,2.7999816,-0.04801212,4.1654925,-0.09577729,3.7377405
CD44,-0.032402787,0.25015116,5.4297614,12.625409,7.284324,-0.09839323,7.435745,8.9341135,5.11628,-0.0798752,3.828524,2.798813,-0.04800901,4.1665735,-0.09577783,3.7385192
DOK2,-0.032399144,0.24947022,5.429594,12.626422,7.284345,-0.09840604,7.435612,8.932935,5.114955,-0.079879925,3.8275285,2.7999816,-0.04801212,4.1654925,-0.09577729,3.7377405
CCNG2,-0.032399144,0.24947022,5.429594,12.626422,7.284345,-0.09840604,7.435612,8.932935,5.114955,-0.079879925,3.8275285,2.7999816,-0.04801212,4.1654925,-0.09577729,3.7377405
GBP9,-0.03536013,0.82614094,5.458906,11.716911,6.2997212,-0.103878826,6.5879884,7.8627744,4.3278813,-0.0811176,2.52643,3.0654905,-0.037110176,3.4476638,-0.08447526,3.2883258
BCL2,-0.032399144,0.24947022,5.429594,12.626422,7.284345,-0.09840604,7.435612,8.932935,5.114955,-0.079879925,3.8275285,2.7999816,-0.04801212,4.1654925,-0.09577729,3.7377405
RGS19,-0.032399144,0.24947022,5.429594,12.626422,7.284345,-0.09840604,7.435612,8.932935,5.114955,-0.079879925,3.8275285,2.7999816,-0.04801212,4.1654925,-0.09577729,3.7377405
ANGPT1,-0.035304304,1.5006778,4.2516937,10.461291,6.9149,-0.08529501,6.259214,7.9225984,4.4764714,-0.07016125,3.8569553,2.6836452,-0.038613975,4.4360766,-0.0941422,3.9366593
PRIM1,-0.021399168,0.08005848,4.3184543,8.321938,5.1463575,-0.07143513,5.2976446,6.129105,3.732617,-0.050354227,2.1759436,1.9917173,-0.0377073,2.6996539,-0.06532698,2.1213431
LAX1,-0.032399144,0.24947022,5.429594,12.626422,7.284345,-0.09840604,7.435612,8.932935,5.114955,-0.079879925,3.8275285,2.7999816,-0.04801212,4.1654925,-0.09577729,3.7377405
TRIM16,-0.032399144,0.24947022,5.429594,12.626422,7.284345,-0.09840604,7.435612,8.932935,5.114955,-0.079879925,3.8275285,2.7999816,-0.04801212,4.1654925,-0.09577729,3.7377405
H2-Q6,-0.032399144,0.24947022,5.429594,12.626422,7.284345,-0.09840604,7.435612,8.932935,5.114955,-0.079879925,3.8275285,2.7999816,-0.04801212,4.1654925,-0.09577729,3.7377405
OSGIN1,-0.032399144,0.24947022,5.429594,12.626422,7.284345,-0.09840604,7.435612,8.932935,5.114955,-0.079879925,3.8275285,2.7999816,-0.04801212,4.1654925,-0.09577729,3.7377405
TRIB3,-0.0367497,0.21639143,5.186083,12.037566,6.872923,-0.09833826,7.962095,8.320098,5.1694875,-0.07693866,3.5599139,2.917881,-0.051076915,4.1950803,-0.09750739,4.215123
PRPS2,-0.032399144,0.24947022,5.429594,12.626422,7.284345,-0.09840604,7.435612,8.932935,5.114955,-0.079879925,3.8275285,2.7999816,-0.04801212,4.1654925,-0.09577729,3.7377405
ZMIZ1,-0.032399144,0.24947022,5.429594,12.626422,7.284345,-0.09840604,7.435612,8.932935,5.114955,-0.079879925,3.8275285,2.7999816,-0.04801212,4.1654925,-0.09577729,3.7377405
CTTN,-0.032399144,0.24947022,5.429594,12.626422,7.284345,-0.09840604,7.435612,8.932935,5.114955,-0.079879925,3.8275285,2.7999816,-0.04801212,4.1654925,-0.09577729,3.7377405
SPNS3,-0.032399144,0.24947022,5.429594,12.626422,7.284345,-0.09840604,7.435612,8.932935,5.114955,-0.079879925,3.8275285,2.7999816,-0.04801212,4.1654925,-0.09577729,3.7377405
PBX1,-0.02390648,0.068581484,4.6263847,9.123011,5.6436577,-0.07818599,5.8389897,6.6489186,4.1430564,-0.054844026,2.364062,2.200801,-0.04122223,3.0250216,-0.07151515,2.3905249
IGHV1-77,-0.032399144,0.24947022,5.429594,12.626422,7.284345,-0.09840604,7.435612,8.932935,5.114955,-0.079879925,3.8275285,2.7999816,-0.04801212,4.1654925,-0.09577729,3.7377405
IRF8,-0.023841364,0.078208975,4.5819345,9.0555,5.574306,-0.07731046,5.7836795,6.611484,4.0574107,-0.055042684,2.4060442,2.1574728,-0.040398348,2.9930847,-0.07077942,2.378837
CPXM1,-0.032402787,0.25015116,5.4297614,12.625409,7.284324,-0.09839323,7.435745,8.9341135,5.11628,-0.0798752,3.828524,2.798813,-0.04800901,4.1665735,-0.09577783,3.7385192
CAPG,-0.032399144,0.24947022,5.429594,12.626422,7.284345,-0.09840604,7.435612,8.932935,5.114955,-0.079879925,3.8275285,2.7999816,-0.04801212,4.1654925,-0.09577729,3.7377405
NSMF,-0.032399144,0.24947022,5.429594,12.626422,7.284345,-0.09840604,7.435612,8.932935,5.114955,-0.079879925,3.8275285,2.7999816,-0.04801212,4.1654925,-0.09577729,3.7377405
ST8SIA4,-0.032399144,0.24947022,5.429594,12.626422,7.284345,-0.09840604,7.435612,8.932935,5.114955,-0.079879925,3.8275285,2.7999816,-0.04801212,4.1654925,-0.09577729,3.7377405
DEF8,-0.032399144,0.24947022,5.429594,12.626422,7.284345,-0.09840604,7.435612,8.932935,5.114955,-0.079879925,3.8275285,2.7999816,-0.04801212,4.1654925,-0.09577729,3.7377405
SLAMF1,-0.032399144,0.24947022,5.429594,12.626422,7.284345,-0.09840604,7.435612,8.932935,5.114955,-0.079879925,3.8275285,2.7999816,-0.04801212,4.1654925,-0.09577729,3.7377405
ARHGAP18,-0.025283085,-0.0012079424,5.600574,12.283163,6.7209573,-0.09369341,7.501697,8.783655,4.7671876,-0.083035216,4.2464066,2.2212243,-0.04534129,3.360188,-0.09770841,4.109302
TYROBP,-0.03238022,0.2563644,5.4224315,12.613757,7.2712326,-0.09830567,7.424249,8.931287,5.1039033,-0.07979315,3.8293111,2.7947946,-0.047932524,4.156132,-0.095705695,3.7442923
NEAT1,-0.032399144,0.24947022,5.429594,12.626422,7.284345,-0.09840604,7.435612,8.932935,5.114955,-0.079879925,3.8275285,2.7999816,-0.04801212,4.1654925,-0.09577729,3.7377405
UBASH3A,-0.032399144,0.24947022,5.429594,12.626422,7.284345,-0.09840604,7.435612,8.932935,5.114955,-0.079879925,3.8275285,2.7999816,-0.04801212,4.1654925,-0.09577729,3.7377405
NAV1,-0.032399144,0.24947022,5.429594,12.626422,7.284345,-0.09840604,7.435612,8.932935,5.114955,-0.079879925,3.8275285,2.7999816,-0.04801212,4.1654925,-0.09577729,3.7377405
UNC93B1,-0.032399144,0.24947022,5.429594,12.626422,7.284345,-0.09840604,7.435612,8.932935,5.114955,-0.079879925,3.8275285,2.7999816,-0.04801212,4.1654925,-0.09577729,3.7377405
HID1,-0.032402787,0.25015116,5.4297614,12.625409,7.284324,-0.09839323,7.435745,8.9341135,5.11628,-0.0798752,3.828524,2.798813,-0.04800901,4.1665735,-0.09577783,3.7385192
SLC2A3,-0.032399144,0.24947022,5.429594,12.626422,7.284345,-0.09840604,7.435612,8.932935,5.114955,-0.079879925,3.8275285,2.7999816,-0.04801212,4.1654925,-0.09577729,3.7377405
ICA1,-0.032399144,0.24947022,5.429594,12.626422,7.284345,-0.09840604,7.435612,8.932935,5.114955,-0.079879925,3.8275285,2.7999816,-0.04801212,4.1654925,-0.09577729,3.7377405
TRAF1,-0.032399144,0.24947022,5.429594,12.626422,7.284345,-0.09840604,7.435612,8.932935,5.114955,-0.079879925,3.8275285,2.7999816,-0.04801212,4.1654925,-0.09577729,3.7377405
ENPP5,-0.032399144,0.24947022,5.429594,12.626422,7.284345,-0.09840604,7.435612,8.932935,5.114955,-0.079879925,3.8275285,2.7999816,-0.04801212,4.1654925,-0.09577729,3.7377405
SNAP47,-0.032399144,0.24947022,5.429594,12.626422,7.284345,-0.09840604,7.435612,8.932935,5.114955,-0.079879925,3.8275285,2.7999816,-0.04801212,4.1654925,-0.09577729,3.7377405
GPR171,-0.032399144,0.24947022,5.429594,12.626422,7.284345,-0.09840604,7.435612,8.932935,5.114955,-0.079879925,3.8275285,2.7999816,-0.04801212,4.1654925,-0.09577729,3.7377405
D630039A03RIK,-0.032399144,0.24947022,5.429594,12.626422,7.284345,-0.09840604,7.435612,8.932935,5.114955,-0.079879925,3.8275285,2.7999816,-0.04801212,4.1654925,-0.09577729,3.7377405
SP100,-0.032399144,0.24947022,5.429594,12.626422,7.284345,-0.09840604,7.435612,8.932935,5.114955,-0.079879925,3.8275285,2.7999816,-0.04801212,4.1654925,-0.09577729,3.7377405
FAM171A1,-0.032399144,0.24947022,5.429594,12.626422,7.284345,-0.09840604,7.435612,8.932935,5.114955,-0.079879925,3.8275285,2.7999816,-0.04801212,4.1654925,-0.09577729,3.7377405
TMEM206,-0.032399144,0.24947022,5.429594,12.626422,7.284345,-0.09840604,7.435612,8.932935,5.114955,-0.079879925,3.8275285,2.7999816,-0.04801212,4.1654925,-0.09577729,3.7377405
RFTN1,-0.032399144,0.24947022,5.429594,12.626422,7.284345,-0.09840604,7.435612,8.932935,5.114955,-0.079879925,3.8275285,2.7999816,-0.04801212,4.1654925,-0.09577729,3.7377405
ADSSL1,-0.034612358,-0.0022729004,5.3230457,13.011087,6.4566417,-0.09400652,7.1350665,8.655466,5.199446,-0.07758408,3.4630132,3.2846866,-0.054138448,4.4661517,-0.08760562,3.1048284
TRIM47,-0.025283085,-0.0012079424,5.600574,12.283163,6.7209573,-0.09369341,7.501697,8.783655,4.7671876,-0.083035216,4.2464066,2.2212243,-0.04534129,3.360188,-0.09770841,4.109302
PYGL,-0.032399144,0.24947022,5.429594,12.626422,7.284345,-0.09840604,7.435612,8.932935,5.114955,-0.079879925,3.8275285,2.7999816,-0.04801212,4.1654925,-0.09577729,3.7377405
IRAK3,-0.032399144,0.24947022,5.429594,12.626422,7.284345,-0.09840604,7.435612,8.932935,5.114955,-0.079879925,3.8275285,2.7999816,-0.04801212,4.1654925,-0.09577729,3.7377405
RHOH,-0.032399144,0.24947022,5.429594,12.626422,7.284345,-0.09840604,7.435612,8.932935,5.114955,-0.079879925,3.8275285,2.7999816,-0.04801212,4.1654925,-0.09577729,3.7377405
LTB,-0.03536013,0.82614094,5.458906,11.716911,6.2997212,-0.103878826,6.5879884,7.8627744,4.3278813,-0.0811176,2.52643,3.0654905,-0.037110176,3.4476638,-0.08447526,3.2883258
SERPINB6A,-0.03239315,0.25329292,5.4292936,12.621806,7.277634,-0.09836984,7.435042,8.930992,5.1160874,-0.0799207,3.828263,2.7941706,-0.047985364,4.1632514,-0.09578872,3.7417545
DTL,-0.02141653,0.080951236,4.317311,8.333964,5.1498785,-0.07158102,5.3064466,6.1231046,3.7495785,-0.050349157,2.1733944,2.0017517,-0.037756786,2.7047658,-0.065422244,2.1232626
BTG2,-0.030565493,0.14098631,5.4686165,11.543274,6.8200536,-0.094258755,7.2772064,8.260463,4.9836106,-0.07120275,3.2678068,2.6195154,-0.04803256,3.9121964,-0.08784224,3.1712356
TES,-0.032399144,0.24947022,5.429594,12.626422,7.284345,-0.09840604,7.435612,8.932935,5.114955,-0.079879925,3.8275285,2.7999816,-0.04801212,4.1654925,-0.09577729,3.7377405
LRRC8C,-0.032399144,0.24947022,5.429594,12.626422,7.284345,-0.09840604,7.435612,8.932935,5.114955,-0.079879925,3.8275285,2.7999816,-0.04801212,4.1654925,-0.09577729,3.7377405
SIGLECG,-0.030963382,1.5306146,4.4956727,11.053749,7.333011,-0.08538618,5.7334332,8.538556,4.422132,-0.07305702,4.124831,2.5703883,-0.03557282,4.4098105,-0.092401214,3.4560413
KRT18,-0.032399144,0.24947022,5.429594,12.626422,7.284345,-0.09840604,7.435612,8.932935,5.114955,-0.079879925,3.8275285,2.7999816,-0.04801212,4.1654925,-0.09577729,3.7377405
2810468N07RIK,-0.035023175,0.659308,3.9618669,11.990152,7.7804174,-0.08366266,5.96688,8.102021,5.2914968,-0.066672556,2.92628,3.3011358,-0.05100982,3.4841647,-0.09976447,3.7207046
BTLA,-0.032399144,0.24947022,5.429594,12.626422,7.284345,-0.09840604,7.435612,8.932935,5.114955,-0.079879925,3.8275285,2.7999816,-0.04801212,4.1654925,-0.09577729,3.7377405
NCEH1,-0.032399144,0.24947022,5.429594,12.626422,7.284345,-0.09840604,7.435612,8.932935,5.114955,-0.079879925,3.8275285,2.7999816,-0.04801212,4.1654925,-0.09577729,3.7377405
TNFAIP2,-0.03234576,0.25335193,5.4346604,12.621888,7.279579,-0.098438926,7.430983,8.934766,5.1100173,-0.07991615,3.8251235,2.7938786,-0.04799653,4.160231,-0.095835276,3.7401166
ANKRD33B,-0.032399144,0.24947022,5.429594,12.626422,7.284345,-0.09840604,7.435612,8.932935,5.114955,-0.079879925,3.8275285,2.7999816,-0.04801212,4.1654925,-0.09577729,3.7377405
ANXA2,-0.032399144,0.24947022,5.429594,12.626422,7.284345,-0.09840604,7.435612,8.932935,5.114955,-0.079879925,3.8275285,2.7999816,-0.04801212,4.1654925,-0.09577729,3.7377405
TINAGL1,-0.032399144,0.24947022,5.429594,12.626422,7.284345,-0.09840604,7.435612,8.932935,5.114955,-0.079879925,3.8275285,2.7999816,-0.04801212,4.1654925,-0.09577729,3.7377405
KCNK5,-0.032399144,0.24947022,5.429594,12.626422,7.284345,-0.09840604,7.435612,8.932935,5.114955,-0.079879925,3.8275285,2.7999816,-0.04801212,4.1654925,-0.09577729,3.7377405
GSTM1,-0.032399144,0.24947022,5.429594,12.626422,7.284345,-0.09840604,7.435612,8.932935,5.114955,-0.079879925,3.8275285,2.7999816,-0.04801212,4.1654925,-0.09577729,3.7377405
VAV3,-0.032399144,0.24947022,5.429594,12.626422,7.284345,-0.09840604,7.435612,8.932935,5.114955,-0.079879925,3.8275285,2.7999816,-0.04801212,4.1654925,-0.09577729,3.7377405
MYO5A,-0.032441102,0.24761073,5.413775,12.624174,7.2847524,-0.09841872,7.4364457,8.92442,5.1172495,-0.07971199,3.813979,2.7987082,-0.047985606,4.1591945,-0.09564674,3.7430694
IL18BP,-0.032399144,0.24947022,5.429594,12.626422,7.284345,-0.09840604,7.435612,8.932935,5.114955,-0.079879925,3.8275285,2.7999816,-0.04801212,4.1654925,-0.09577729,3.7377405
MCM4,-0.021439247,0.07752048,4.3254504,8.342543,5.154667,-0.07161387,5.3132844,6.1367345,3.7471027,-0.050466325,2.181714,1.9966304,-0.03779207,2.7071457,-0.06545601,2.1264281
PAG1,-0.032399144,0.24947022,5.429594,12.626422,7.284345,-0.09840604,7.435612,8.932935,5.114955,-0.079879925,3.8275285,2.7999816,-0.04801212,4.1654925,-0.09577729,3.7377405
CD74,-0.032399144,0.24947022,5.429594,12.626422,7.284345,-0.09840604,7.435612,8.932935,5.114955,-0.079879925,3.8275285,2.7999816,-0.04801212,4.1654925,-0.09577729,3.7377405
KAZALD1,-0.032399144,0.24947022,5.429594,12.626422,7.284345,-0.09840604,7.435612,8.932935,5.114955,-0.079879925,3.8275285,2.7999816,-0.04801212,4.1654925,-0.09577729,3.7377405
GM4951,-0.032399144,0.24947022,5.429594,12.626422,7.284345,-0.09840604,7.435612,8.932935,5.114955,-0.079879925,3.8275285,2.7999816,-0.04801212,4.1654925,-0.09577729,3.7377405
SDSL,-0.036746055,0.2157105,5.1859155,12.038579,6.872944,-0.09835107,7.9619613,8.318919,5.1681623,-0.076943375,3.5589182,2.9190495,-0.051080026,4.193999,-0.09750684,4.2143445
SERPINA3G,-0.03238022,0.2563644,5.4224315,12.613757,7.2712326,-0.09830567,7.424249,8.931287,5.1039033,-0.07979315,3.8293111,2.7947946,-0.047932524,4.156132,-0.095705695,3.7442923
MAGED1,-0.032399144,0.24947022,5.429594,12.626422,7.284345,-0.09840604,7.435612,8.932935,5.114955,-0.079879925,3.8275285,2.7999816,-0.04801212,4.1654925,-0.09577729,3.7377405
TM6SF1,-0.032399144,0.24947022,5.429594,12.626422,7.284345,-0.09840604,7.435612,8.932935,5.114955,-0.079879925,3.8275285,2.7999816,-0.04801212,4.1654925,-0.09577729,3.7377405
WLS,-0.032399144,0.24947022,5.429594,12.626422,7.284345,-0.09840604,7.435612,8.932935,5.114955,-0.079879925,3.8275285,2.7999816,-0.04801212,4.1654925,-0.09577729,3.7377405
CAV2,-0.03787503,0.48802477,5.298269,12.691375,6.7130995,-0.09532186,6.952124,8.089344,4.440078,-0.07624722,4.179055,3.023976,-0.040677674,4.4771857,-0.08734629,4.008794
VAMP1,-0.032399144,0.24947022,5.429594,12.626422,7.284345,-0.09840604,7.435612,8.932935,5.114955,-0.079879925,3.8275285,2.7999816,-0.04801212,4.1654925,-0.09577729,3.7377405
2610307P16RIK,-0.032399144,0.24947022,5.429594,12.626422,7.284345,-0.09840604,7.435612,8.932935,5.114955,-0.079879925,3.8275285,2.7999816,-0.04801212,4.1654925,-0.09577729,3.7377405
TSPAN2,-0.032399144,0.24947022,5.429594,12.626422,7.284345,-0.09840604,7.435612,8.932935,5.114955,-0.079879925,3.8275285,2.7999816,-0.04801212,4.1654925,-0.09577729,3.7377405
ZNRF2,-0.032399144,0.24947022,5.429594,12.626422,7.284345,-0.09840604,7.435612,8.932935,5.114955,-0.079879925,3.8275285,2.7999816,-0.04801212,4.1654925,-0.09577729,3.7377405
RANBP1,-0.032399144,0.24947022,5.429594,12.626422,7.284345,-0.09840604,7.435612,8.932935,5.114955,-0.079879925,3.8275285,2.7999816,-0.04801212,4.1654925,-0.09577729,3.7377405
SLC29A1,-0.032403674,0.25046426,5.4288015,12.626774,7.2838335,-0.09840577,7.435859,8.933823,5.115733,-0.07988385,3.8266308,2.7995796,-0.048021868,4.1660066,-0.09577072,3.7365913
ABCG3,-0.032399144,0.24947022,5.429594,12.626422,7.284345,-0.09840604,7.435612,8.932935,5.114955,-0.079879925,3.8275285,2.7999816,-0.04801212,4.1654925,-0.09577729,3.7377405
GM4759,-0.032399144,0.24947022,5.429594,12.626422,7.284345,-0.09840604,7.435612,8.932935,5.114955,-0.079879925,3.8275285,2.7999816,-0.04801212,4.1654925,-0.09577729,3.7377405
P2RY14,-0.032399144,0.24947022,5.429594,12.626422,7.284345,-0.09840604,7.435612,8.932935,5.114955,-0.079879925,3.8275285,2.7999816,-0.04801212,4.1654925,-0.09577729,3.7377405
SDC1,-0.032399144,0.24947022,5.429594,12.626422,7.284345,-0.09840604,7.435612,8.932935,5.114955,-0.079879925,3.8275285,2.7999816,-0.04801212,4.1654925,-0.09577729,3.7377405
XPC,-0.028461823,0.07929074,5.2502503,10.951027,6.5433106,-0.09139536,6.9787536,7.9428124,4.787393,-0.068087436,3.0758688,2.5144217,-0.046986736,3.6531966,-0.08463902,2.9262948
FRMD6,-0.031435147,0.11852395,5.7087345,11.948753,7.588033,-0.10096966,6.8131423,8.90146,4.780508,-0.07670212,3.4640212,2.6449268,-0.05011801,3.7549045,-0.09579145,3.661158
SSH2,-0.032399144,0.24947022,5.429594,12.626422,7.284345,-0.09840604,7.435612,8.932935,5.114955,-0.079879925,3.8275285,2.7999816,-0.04801212,4.1654925,-0.09577729,3.7377405
FOXO1,-0.024663987,0.08734908,4.6901503,9.301316,5.6926394,-0.0793366,5.958696,6.777314,4.1887136,-0.05655706,2.4613247,2.2050703,-0.04146221,3.0745978,-0.072713405,2.44699
SGMS1,-0.032399144,0.24947022,5.429594,12.626422,7.284345,-0.09840604,7.435612,8.932935,5.114955,-0.079879925,3.8275285,2.7999816,-0.04801212,4.1654925,-0.09577729,3.7377405
SULT1A1,-0.032402787,0.25015116,5.4297614,12.625409,7.284324,-0.09839323,7.435745,8.9341135,5.11628,-0.0798752,3.828524,2.798813,-0.04800901,4.1665735,-0.09577783,3.7385192
EMP1,-0.032399144,0.24947022,5.429594,12.626422,7.284345,-0.09840604,7.435612,8.932935,5.114955,-0.079879925,3.8275285,2.7999816,-0.04801212,4.1654925,-0.09577729,3.7377405
ELL2,-0.032399144,0.24947022,5.429594,12.626422,7.284345,-0.09840604,7.435612,8.932935,5.114955,-0.079879925,3.8275285,2.7999816,-0.04801212,4.1654925,-0.09577729,3.7377405
NWD1,-0.032399144,0.24947022,5.429594,12.626422,7.284345,-0.09840604,7.435612,8.932935,5.114955,-0.079879925,3.8275285,2.7999816,-0.04801212,4.1654925,-0.09577729,3.7377405
LAG3,-0.032399144,0.24947022,5.429594,12.626422,7.284345,-0.09840604,7.435612,8.932935,5.114955,-0.079879925,3.8275285,2.7999816,-0.04801212,4.1654925,-0.09577729,3.7377405
PLIN3,-0.032399144,0.24947022,5.429594,12.626422,7.284345,-0.09840604,7.435612,8.932935,5.114955,-0.079879925,3.8275285,2.7999816,-0.04801212,4.1654925,-0.09577729,3.7377405
GM45837,-0.032399144,0.24947022,5.429594,12.626422,7.284345,-0.09840604,7.435612,8.932935,5.114955,-0.079879925,3.8275285,2.7999816,-0.04801212,4.1654925,-0.09577729,3.7377405
FADS1,-0.032399144,0.24947022,5.429594,12.626422,7.284345,-0.09840604,7.435612,8.932935,5.114955,-0.079879925,3.8275285,2.7999816,-0.04801212,4.1654925,-0.09577729,3.7377405
ZFP367,-0.032399144,0.24947022,5.429594,12.626422,7.284345,-0.09840604,7.435612,8.932935,5.114955,-0.079879925,3.8275285,2.7999816,-0.04801212,4.1654925,-0.09577729,3.7377405
CTSF,-0.032399144,0.24947022,5.429594,12.626422,7.284345,-0.09840604,7.435612,8.932935,5.114955,-0.079879925,3.8275285,2.7999816,-0.04801212,4.1654925,-0.09577729,3.7377405
CDK18,-0.032399144,0.24947022,5.429594,12.626422,7.284345,-0.09840604,7.435612,8.932935,5.114955,-0.079879925,3.8275285,2.7999816,-0.04801212,4.1654925,-0.09577729,3.7377405
VDR,-0.03240853,0.24819253,5.4264374,12.624102,7.284044,-0.09836902,7.4355407,8.934468,5.1131287,-0.07989318,3.830769,2.796859,-0.047969777,4.163861,-0.095755406,3.7405972
TMEM268,-0.032399144,0.24947022,5.429594,12.626422,7.284345,-0.09840604,7.435612,8.932935,5.114955,-0.079879925,3.8275285,2.7999816,-0.04801212,4.1654925,-0.09577729,3.7377405
GBP4,-0.032399144,0.24947022,5.429594,12.626422,7.284345,-0.09840604,7.435612,8.932935,5.114955,-0.079879925,3.8275285,2.7999816,-0.04801212,4.1654925,-0.09577729,3.7377405
CTSH,-0.03738424,-0.004126594,4.341514,11.799048,6.8544316,-0.08907155,6.0836864,9.146243,3.949978,-0.084224194,3.5629587,3.095829,-0.05192043,4.404714,-0.08522744,4.3488293
9030619P08RIK,-0.023097362,-0.0021172161,5.0895863,11.924785,6.135388,-0.08439893,7.5786424,8.267872,5.838552,-0.07403954,4.1360598,1.8293011,-0.051888097,3.1431496,-0.09696816,2.7496548
ARHGAP15,-0.032399144,0.24947022,5.429594,12.626422,7.284345,-0.09840604,7.435612,8.932935,5.114955,-0.079879925,3.8275285,2.7999816,-0.04801212,4.1654925,-0.09577729,3.7377405
FKBP9,-0.023097362,-0.0021172161,5.0895863,11.924785,6.135388,-0.08439893,7.5786424,8.267872,5.838552,-0.07403954,4.1360598,1.8293011,-0.051888097,3.1431496,-0.09696816,2.7496548
SLC9A9,-0.03239349,0.2502433,5.430251,12.624951,7.2859235,-0.09838521,7.437411,8.932082,5.1163735,-0.079867676,3.8275108,2.7981427,-0.048014574,4.1629524,-0.095756434,3.73744
TLR7,-0.032399144,0.24947022,5.429594,12.626422,7.284345,-0.09840604,7.435612,8.932935,5.114955,-0.079879925,3.8275285,2.7999816,-0.04801212,4.1654925,-0.09577729,3.7377405
HACD4,-0.032399144,0.24947022,5.429594,12.626422,7.284345,-0.09840604,7.435612,8.932935,5.114955,-0.079879925,3.8275285,2.7999816,-0.04801212,4.1654925,-0.09577729,3.7377405
COL4A1,-0.034612358,-0.0022729004,5.3230457,13.011087,6.4566417,-0.09400652,7.1350665,8.655466,5.199446,-0.07758408,3.4630132,3.2846866,-0.054138448,4.4661517,-0.08760562,3.1048284
FUT7,-0.032399144,0.24947022,5.429594,12.626422,7.284345,-0.09840604,7.435612,8.932935,5.114955,-0.079879925,3.8275285,2.7999816,-0.04801212,4.1654925,-0.09577729,3.7377405
CRIP1,-0.032399144,0.24947022,5.429594,12.626422,7.284345,-0.09840604,7.435612,8.932935,5.114955,-0.079879925,3.8275285,2.7999816,-0.04801212,4.1654925,-0.09577729,3.7377405
PKN3,-0.038779728,0.75453717,5.910119,12.530611,7.2347493,-0.09011181,7.2302747,8.882518,4.6648464,-0.08341435,4.306308,1.8013322,-0.04122981,4.1490307,-0.090431795,3.5374079
HAAO,-0.032399144,0.24947022,5.429594,12.626422,7.284345,-0.09840604,7.435612,8.932935,5.114955,-0.079879925,3.8275285,2.7999816,-0.04801212,4.1654925,-0.09577729,3.7377405
CD63,-0.032399144,0.24947022,5.429594,12.626422,7.284345,-0.09840604,7.435612,8.932935,5.114955,-0.079879925,3.8275285,2.7999816,-0.04801212,4.1654925,-0.09577729,3.7377405
NEURL3,-0.032400947,0.2504068,5.43103,12.626465,7.2832594,-0.098396964,7.434673,8.933588,5.1146164,-0.07987374,3.8275483,2.7998188,-0.048005495,4.1660223,-0.095787704,3.7365105
BC035044,-0.03239349,0.2502433,5.430251,12.624951,7.2859235,-0.09838521,7.437411,8.932082,5.1163735,-0.079867676,3.8275108,2.7981427,-0.048014574,4.1629524,-0.095756434,3.73744
SLC26A11,-0.032399144,0.24947022,5.429594,12.626422,7.284345,-0.09840604,7.435612,8.932935,5.114955,-0.079879925,3.8275285,2.7999816,-0.04801212,4.1654925,-0.09577729,3.7377405
JAM3,-0.032399144,0.24947022,5.429594,12.626422,7.284345,-0.09840604,7.435612,8.932935,5.114955,-0.079879925,3.8275285,2.7999816,-0.04801212,4.1654925,-0.09577729,3.7377405
PGR,-0.02215894,0.06986799,4.3722982,8.514276,5.266253,-0.07292721,5.436558,6.2416215,3.8502796,-0.051118445,2.1897647,2.0622785,-0.038757294,2.7972877,-0.06664321,2.202466
LACTB,-0.032399144,0.24947022,5.429594,12.626422,7.284345,-0.09840604,7.435612,8.932935,5.114955,-0.079879925,3.8275285,2.7999816,-0.04801212,4.1654925,-0.09577729,3.7377405
TPM4,-0.032399144,0.24947022,5.429594,12.626422,7.284345,-0.09840604,7.435612,8.932935,5.114955,-0.079879925,3.8275285,2.7999816,-0.04801212,4.1654925,-0.09577729,3.7377405
AC174780.1,-0.03239186,0.2520603,5.433314,12.624003,7.283155,-0.09843184,7.431499,8.933898,5.1094346,-0.07984374,3.82369,2.79455,-0.048021514,4.168584,-0.09574977,3.7371073
TRIM59,-0.032399144,0.24947022,5.429594,12.626422,7.284345,-0.09840604,7.435612,8.932935,5.114955,-0.079879925,3.8275285,2.7999816,-0.04801212,4.1654925,-0.09577729,3.7377405
FDFT1,-0.030963382,1.5306146,4.4956727,11.053749,7.333011,-0.08538618,5.7334332,8.538556,4.422132,-0.07305702,4.124831,2.5703883,-0.03557282,4.4098105,-0.092401214,3.4560413
RP2,-0.032399144,0.24947022,5.429594,12.626422,7.284345,-0.09840604,7.435612,8.932935,5.114955,-0.079879925,3.8275285,2.7999816,-0.04801212,4.1654925,-0.09577729,3.7377405
RASSF2,-0.032399144,0.24947022,5.429594,12.626422,7.284345,-0.09840604,7.435612,8.932935,5.114955,-0.079879925,3.8275285,2.7999816,-0.04801212,4.1654925,-0.09577729,3.7377405
ATP8B4,-0.032399144,0.24947022,5.429594,12.626422,7.284345,-0.09840604,7.435612,8.932935,5.114955,-0.079879925,3.8275285,2.7999816,-0.04801212,4.1654925,-0.09577729,3.7377405
VLDLR,-0.03239639,0.25305432,5.4325213,12.624355,7.2826433,-0.09843157,7.431746,8.934786,5.110213,-0.079847656,3.8227923,2.794148,-0.048031267,4.1690984,-0.09574321,3.735958
TMEM246,-0.032399144,0.24947022,5.429594,12.626422,7.284345,-0.09840604,7.435612,8.932935,5.114955,-0.079879925,3.8275285,2.7999816,-0.04801212,4.1654925,-0.09577729,3.7377405
CD48,-0.032399144,0.24947022,5.429594,12.626422,7.284345,-0.09840604,7.435612,8.932935,5.114955,-0.079879925,3.8275285,2.7999816,-0.04801212,4.1654925,-0.09577729,3.7377405
LHCGR,-0.032399144,0.24947022,5.429594,12.626422,7.284345,-0.09840604,7.435612,8.932935,5.114955,-0.079879925,3.8275285,2.7999816,-0.04801212,4.1654925,-0.09577729,3.7377405
GBP2,-0.023097362,-0.0021172161,5.0895863,11.924785,6.135388,-0.08439893,7.5786424,8.267872,5.838552,-0.07403954,4.1360598,1.8293011,-0.051888097,3.1431496,-0.09696816,2.7496548
NCAPD2,-0.021286696,0.07706546,4.30378,8.286876,5.1174145,-0.07124129,5.2738485,6.096643,3.7210746,-0.050112266,2.1651394,1.9869521,-0.037538424,2.6827307,-0.06505651,2.1027653
PDE1B,-0.03240489,0.24751161,5.42627,12.625114,7.284065,-0.098381825,7.435408,8.93329,5.1118035,-0.079897895,3.8297734,2.7980275,-0.047972888,4.1627793,-0.09575486,3.7398186
CTSS,-0.023656148,0.06661426,4.584355,9.047662,5.5821977,-0.07732291,5.779534,6.5750856,4.0806236,-0.054356635,2.3485825,2.1903133,-0.040572777,2.995238,-0.07060262,2.3738136
DYNLL1,-0.03234576,0.25335193,5.4346604,12.621888,7.279579,-0.098438926,7.430983,8.934766,5.1100173,-0.07991615,3.8251235,2.7938786,-0.04799653,4.160231,-0.095835276,3.7401166
NHP2,-0.032399144,0.24947022,5.429594,12.626422,7.284345,-0.09840604,7.435612,8.932935,5.114955,-0.079879925,3.8275285,2.7999816,-0.04801212,4.1654925,-0.09577729,3.7377405
4833407H14RIK,-0.032399144,0.24947022,5.429594,12.626422,7.284345,-0.09840604,7.435612,8.932935,5.114955,-0.079879925,3.8275285,2.7999816,-0.04801212,4.1654925,-0.09577729,3.7377405
PARP8,-0.025283085,-0.0012079424,5.600574,12.283163,6.7209573,-0.09369341,7.501697,8.783655,4.7671876,-0.083035216,4.2464066,2.2212243,-0.04534129,3.360188,-0.09770841,4.109302
MYCT1,-0.03243796,0.2546953,5.4230614,12.629003,7.28118,-0.09836629,7.4382815,8.926036,5.1117544,-0.079897545,3.8329816,2.7993197,-0.047956754,4.166926,-0.09574846,3.7321987
SERPINF1,-0.035023175,0.659308,3.9618669,11.990152,7.7804174,-0.08366266,5.96688,8.102021,5.2914968,-0.066672556,2.92628,3.3011358,-0.05100982,3.4841647,-0.09976447,3.7207046
TRPV2,-0.032399144,0.24947022,5.429594,12.626422,7.284345,-0.09840604,7.435612,8.932935,5.114955,-0.079879925,3.8275285,2.7999816,-0.04801212,4.1654925,-0.09577729,3.7377405
CTSB,-0.030963382,1.5306146,4.4956727,11.053749,7.333011,-0.08538618,5.7334332,8.538556,4.422132,-0.07305702,4.124831,2.5703883,-0.03557282,4.4098105,-0.092401214,3.4560413
S100A6,-0.032399144,0.24947022,5.429594,12.626422,7.284345,-0.09840604,7.435612,8.932935,5.114955,-0.079879925,3.8275285,2.7999816,-0.04801212,4.1654925,-0.09577729,3.7377405
MYCN,-0.032399144,0.24947022,5.429594,12.626422,7.284345,-0.09840604,7.435612,8.932935,5.114955,-0.079879925,3.8275285,2.7999816,-0.04801212,4.1654925,-0.09577729,3.7377405
SOX18,-0.033676393,0.2046008,5.6382113,12.763048,7.507838,-0.10305793,7.792002,9.135315,5.3885837,-0.08046174,3.6342432,2.9279606,-0.05162217,4.303859,-0.09774807,3.6407874
NCF1,-0.032399144,0.24947022,5.429594,12.626422,7.284345,-0.09840604,7.435612,8.932935,5.114955,-0.079879925,3.8275285,2.7999816,-0.04801212,4.1654925,-0.09577729,3.7377405
ITPR2,-0.032399144,0.24947022,5.429594,12.626422,7.284345,-0.09840604,7.435612,8.932935,5.114955,-0.079879925,3.8275285,2.7999816,-0.04801212,4.1654925,-0.09577729,3.7377405
CAMK1D,-0.032399144,0.24947022,5.429594,12.626422,7.284345,-0.09840604,7.435612,8.932935,5.114955,-0.079879925,3.8275285,2.7999816,-0.04801212,4.1654925,-0.09577729,3.7377405
TEK,-0.032399144,0.24947022,5.429594,12.626422,7.284345,-0.09840604,7.435612,8.932935,5.114955,-0.079879925,3.8275285,2.7999816,-0.04801212,4.1654925,-0.09577729,3.7377405
MAMDC2,-0.032399144,0.24947022,5.429594,12.626422,7.284345,-0.09840604,7.435612,8.932935,5.114955,-0.079879925,3.8275285,2.7999816,-0.04801212,4.1654925,-0.09577729,3.7377405
RNASE6,-0.032399144,0.24947022,5.429594,12.626422,7.284345,-0.09840604,7.435612,8.932935,5.114955,-0.079879925,3.8275285,2.7999816,-0.04801212,4.1654925,-0.09577729,3.7377405
EYA2,-0.032409154,0.24938427,5.430331,12.626845,7.284371,-0.09840555,7.434479,8.930581,5.1147103,-0.07988461,3.828864,2.8012486,-0.048011065,4.1668396,-0.09576758,3.7355838
MMRN1,-0.032399144,0.24947022,5.429594,12.626422,7.284345,-0.09840604,7.435612,8.932935,5.114955,-0.079879925,3.8275285,2.7999816,-0.04801212,4.1654925,-0.09577729,3.7377405
LSP1,-0.032399144,0.24947022,5.429594,12.626422,7.284345,-0.09840604,7.435612,8.932935,5.114955,-0.079879925,3.8275285,2.7999816,-0.04801212,4.1654925,-0.09577729,3.7377405
GIMAP8,-0.032399144,0.24947022,5.429594,12.626422,7.284345,-0.09840604,7.435612,8.932935,5.114955,-0.079879925,3.8275285,2.7999816,-0.04801212,4.1654925,-0.09577729,3.7377405
CSF3R,-0.023656148,0.06661426,4.584355,9.047662,5.5821977,-0.07732291,5.779534,6.5750856,4.0806236,-0.054356635,2.3485825,2.1903133,-0.040572777,2.995238,-0.07060262,2.3738136
ROBO4,-0.032399144,0.24947022,5.429594,12.626422,7.284345,-0.09840604,7.435612,8.932935,5.114955,-0.079879925,3.8275285,2.7999816,-0.04801212,4.1654925,-0.09577729,3.7377405
JCHAIN,-0.032399144,0.24947022,5.429594,12.626422,7.284345,-0.09840604,7.435612,8.932935,5.114955,-0.079879925,3.8275285,2.7999816,-0.04801212,4.1654925,-0.09577729,3.7377405
GIMAP1OS,-0.032403674,0.25046426,5.4288015,12.626774,7.2838335,-0.09840577,7.435859,8.933823,5.115733,-0.07988385,3.8266308,2.7995796,-0.048021868,4.1660066,-0.09577072,3.7365913
GM5111,-0.032399144,0.24947022,5.429594,12.626422,7.284345,-0.09840604,7.435612,8.932935,5.114955,-0.079879925,3.8275285,2.7999816,-0.04801212,4.1654925,-0.09577729,3.7377405
TEAD2,-0.032399144,0.24947022,5.429594,12.626422,7.284345,-0.09840604,7.435612,8.932935,5.114955,-0.079879925,3.8275285,2.7999816,-0.04801212,4.1654925,-0.09577729,3.7377405
ESAM,-0.032399144,0.24947022,5.429594,12.626422,7.284345,-0.09840604,7.435612,8.932935,5.114955,-0.079879925,3.8275285,2.7999816,-0.04801212,4.1654925,-0.09577729,3.7377405
RAB38,-0.032399144,0.24947022,5.429594,12.626422,7.284345,-0.09840604,7.435612,8.932935,5.114955,-0.079879925,3.8275285,2.7999816,-0.04801212,4.1654925,-0.09577729,3.7377405
PARVG,-0.032399144,0.24947022,5.429594,12.626422,7.284345,-0.09840604,7.435612,8.932935,5.114955,-0.079879925,3.8275285,2.7999816,-0.04801212,4.1654925,-0.09577729,3.7377405
GAS2L3,-0.032399144,0.24947022,5.429594,12.626422,7.284345,-0.09840604,7.435612,8.932935,5.114955,-0.079879925,3.8275285,2.7999816,-0.04801212,4.1654925,-0.09577729,3.7377405
ANKRD44,-0.032399144,0.24947022,5.429594,12.626422,7.284345,-0.09840604,7.435612,8.932935,5.114955,-0.079879925,3.8275285,2.7999816,-0.04801212,4.1654925,-0.09577729,3.7377405
SLC18A2,-0.032399144,0.24947022,5.429594,12.626422,7.284345,-0.09840604,7.435612,8.932935,5.114955,-0.079879925,3.8275285,2.7999816,-0.04801212,4.1654925,-0.09577729,3.7377405
NDN,-0.032399144,0.24947022,5.429594,12.626422,7.284345,-0.09840604,7.435612,8.932935,5.114955,-0.079879925,3.8275285,2.7999816,-0.04801212,4.1654925,-0.09577729,3.7377405
C130089K02RIK,-0.03239315,0.25329292,5.4292936,12.621806,7.277634,-0.09836984,7.435042,8.930992,5.1160874,-0.0799207,3.828263,2.7941706,-0.047985364,4.1632514,-0.09578872,3.7417545
SLC39A6,-0.032399144,0.24947022,5.429594,12.626422,7.284345,-0.09840604,7.435612,8.932935,5.114955,-0.079879925,3.8275285,2.7999816,-0.04801212,4.1654925,-0.09577729,3.7377405
ZFP422,-0.032399144,0.24947022,5.429594,12.626422,7.284345,-0.09840604,7.435612,8.932935,5.114955,-0.079879925,3.8275285,2.7999816,-0.04801212,4.1654925,-0.09577729,3.7377405
SLBP,-0.021406015,0.07761463,4.3167996,8.333539,5.149955,-0.071585156,5.306895,6.1342998,3.7411578,-0.05044094,2.1835175,1.9963678,-0.037737913,2.706867,-0.06538341,2.1208415
PRUNE2,-0.032399144,0.24947022,5.429594,12.626422,7.284345,-0.09840604,7.435612,8.932935,5.114955,-0.079879925,3.8275285,2.7999816,-0.04801212,4.1654925,-0.09577729,3.7377405
PAQR5,-0.032399144,0.24947022,5.429594,12.626422,7.284345,-0.09840604,7.435612,8.932935,5.114955,-0.079879925,3.8275285,2.7999816,-0.04801212,4.1654925,-0.09577729,3.7377405
F630028O10RIK,-0.032399144,0.24947022,5.429594,12.626422,7.284345,-0.09840604,7.435612,8.932935,5.114955,-0.079879925,3.8275285,2.7999816,-0.04801212,4.1654925,-0.09577729,3.7377405
UBE2L6,-0.035367277,0.8248697,5.45669,11.715973,6.298885,-0.10384745,6.587771,7.864168,4.3239307,-0.08113123,2.5287774,3.063478,-0.037074845,3.4446936,-0.08444749,3.2901149
CADPS2,-0.032399144,0.24947022,5.429594,12.626422,7.284345,-0.09840604,7.435612,8.932935,5.114955,-0.079879925,3.8275285,2.7999816,-0.04801212,4.1654925,-0.09577729,3.7377405
CDK17,-0.023097362,-0.0021172161,5.0895863,11.924785,6.135388,-0.08439893,7.5786424,8.267872,5.838552,-0.07403954,4.1360598,1.8293011,-0.051888097,3.1431496,-0.09696816,2.7496548
ABCG2,-0.032399144,0.24947022,5.429594,12.626422,7.284345,-0.09840604,7.435612,8.932935,5.114955,-0.079879925,3.8275285,2.7999816,-0.04801212,4.1654925,-0.09577729,3.7377405
METTL7A1,-0.032349404,0.25403285,5.434828,12.620875,7.279558,-0.09842612,7.4311166,8.935945,5.1113424,-0.07991143,3.8261192,2.79271,-0.04799342,4.1613126,-0.09583582,3.7408953
GM10384,-0.032399144,0.24947022,5.429594,12.626422,7.284345,-0.09840604,7.435612,8.932935,5.114955,-0.079879925,3.8275285,2.7999816,-0.04801212,4.1654925,-0.09577729,3.7377405
CDKN1C,-0.032399144,0.24947022,5.429594,12.626422,7.284345,-0.09840604,7.435612,8.932935,5.114955,-0.079879925,3.8275285,2.7999816,-0.04801212,4.1654925,-0.09577729,3.7377405
PDZK1IP1,-0.032399144,0.24947022,5.429594,12.626422,7.284345,-0.09840604,7.435612,8.932935,5.114955,-0.079879925,3.8275285,2.7999816,-0.04801212,4.1654925,-0.09577729,3.7377405
MYLK,-0.032399144,0.24947022,5.429594,12.626422,7.284345,-0.09840604,7.435612,8.932935,5.114955,-0.079879925,3.8275285,2.7999816,-0.04801212,4.1654925,-0.09577729,3.7377405
RAB27B,-0.032399144,0.24947022,5.429594,12.626422,7.284345,-0.09840604,7.435612,8.932935,5.114955,-0.079879925,3.8275285,2.7999816,-0.04801212,4.1654925,-0.09577729,3.7377405
SYTL1,-0.037317336,-0.004169364,4.3400874,11.806066,6.861504,-0.08912806,6.091352,9.147739,3.950598,-0.084254436,3.5692554,3.1003401,-0.05196825,4.4044843,-0.085298106,4.3448524
HSD3B7,-0.032399144,0.24947022,5.429594,12.626422,7.284345,-0.09840604,7.435612,8.932935,5.114955,-0.079879925,3.8275285,2.7999816,-0.04801212,4.1654925,-0.09577729,3.7377405
PRDM16,-0.032399144,0.24947022,5.429594,12.626422,7.284345,-0.09840604,7.435612,8.932935,5.114955,-0.079879925,3.8275285,2.7999816,-0.04801212,4.1654925,-0.09577729,3.7377405
DACH1,-0.023097362,-0.0021172161,5.0895863,11.924785,6.135388,-0.08439893,7.5786424,8.267872,5.838552,-0.07403954,4.1360598,1.8293011,-0.051888097,3.1431496,-0.09696816,2.7496548
TMEM14C,-0.032399144,0.24947022,5.429594,12.626422,7.284345,-0.09840604,7.435612,8.932935,5.114955,-0.079879925,3.8275285,2.7999816,-0.04801212,4.1654925,-0.09577729,3.7377405
MLLT3,-0.024794796,0.08100512,4.7195735,9.38345,5.760062,-0.08008054,6.0099025,6.8224134,4.262898,-0.056527402,2.438105,2.2547057,-0.042226415,3.1230493,-0.07335568,2.4558306
TIE1,-0.032399144,0.24947022,5.429594,12.626422,7.284345,-0.09840604,7.435612,8.932935,5.114955,-0.079879925,3.8275285,2.7999816,-0.04801212,4.1654925,-0.09577729,3.7377405
CCR7,-0.032399144,0.24947022,5.429594,12.626422,7.284345,-0.09840604,7.435612,8.932935,5.114955,-0.079879925,3.8275285,2.7999816,-0.04801212,4.1654925,-0.09577729,3.7377405
DOCK10,-0.038779728,0.75453717,5.910119,12.530611,7.2347493,-0.09011181,7.2302747,8.882518,4.6648464,-0.08341435,4.306308,1.8013322,-0.04122981,4.1490307,-0.090431795,3.5374079
LGALS1,-0.032399144,0.24947022,5.429594,12.626422,7.284345,-0.09840604,7.435612,8.932935,5.114955,-0.079879925,3.8275285,2.7999816,-0.04801212,4.1654925,-0.09577729,3.7377405
HNRNPAB,-0.032399144,0.24947022,5.429594,12.626422,7.284345,-0.09840604,7.435612,8.932935,5.114955,-0.079879925,3.8275285,2.7999816,-0.04801212,4.1654925,-0.09577729,3.7377405
PTGS1,-0.036746055,0.2157105,5.1859155,12.038579,6.872944,-0.09835107,7.9619613,8.318919,5.1681623,-0.076943375,3.5589182,2.9190495,-0.051080026,4.193999,-0.09750684,4.2143445
GPR65,-0.032399144,0.24947022,5.429594,12.626422,7.284345,-0.09840604,7.435612,8.932935,5.114955,-0.079879925,3.8275285,2.7999816,-0.04801212,4.1654925,-0.09577729,3.7377405
CCT2,-0.032399144,0.24947022,5.429594,12.626422,7.284345,-0.09840604,7.435612,8.932935,5.114955,-0.079879925,3.8275285,2.7999816,-0.04801212,4.1654925,-0.09577729,3.7377405
MPO,-0.023430672,0.035986416,4.649645,8.889157,5.653229,-0.07792253,5.63394,6.5677238,4.0023975,-0.053613357,2.2635596,2.1540465,-0.04106534,2.899203,-0.07060593,2.3559015
PAFAH2,-0.032399144,0.24947022,5.429594,12.626422,7.284345,-0.09840604,7.435612,8.932935,5.114955,-0.079879925,3.8275285,2.7999816,-0.04801212,4.1654925,-0.09577729,3.7377405
CTNNAL1,-0.032399144,0.24947022,5.429594,12.626422,7.284345,-0.09840604,7.435612,8.932935,5.114955,-0.079879925,3.8275285,2.7999816,-0.04801212,4.1654925,-0.09577729,3.7377405
PLAC8,-0.032399144,0.24947022,5.429594,12.626422,7.284345,-0.09840604,7.435612,8.932935,5.114955,-0.079879925,3.8275285,2.7999816,-0.04801212,4.1654925,-0.09577729,3.7377405
F2R,-0.036746055,0.2157105,5.1859155,12.038579,6.872944,-0.09835107,7.9619613,8.318919,5.1681623,-0.076943375,3.5589182,2.9190495,-0.051080026,4.193999,-0.09750684,4.2143445
KBTBD11,-0.032399144,0.24947022,5.429594,12.626422,7.284345,-0.09840604,7.435612,8.932935,5.114955,-0.079879925,3.8275285,2.7999816,-0.04801212,4.1654925,-0.09577729,3.7377405
ZFP62,-0.032399144,0.24947022,5.429594,12.626422,7.284345,-0.09840604,7.435612,8.932935,5.114955,-0.079879925,3.8275285,2.7999816,-0.04801212,4.1654925,-0.09577729,3.7377405
CSGALNACT1,-0.032399144,0.24947022,5.429594,12.626422,7.284345,-0.09840604,7.435612,8.932935,5.114955,-0.079879925,3.8275285,2.7999816,-0.04801212,4.1654925,-0.09577729,3.7377405
GMNN,-0.01440684,-0.0028018954,4.4734187,7.9695554,4.5852385,-0.066743456,5.348155,5.9637055,3.390419,-0.05325891,2.5728266,1.4304767,-0.035037108,1.9108044,-0.067008376,2.470007
CD34,-0.022474524,0.058793657,4.4796915,8.727954,5.388844,-0.074826226,5.5853148,6.388733,3.9111826,-0.0530689,2.3351586,2.0737393,-0.039168596,2.859101,-0.068550386,2.2806716
IFI209,-0.038779728,0.75453717,5.910119,12.530611,7.2347493,-0.09011181,7.2302747,8.882518,4.6648464,-0.08341435,4.306308,1.8013322,-0.04122981,4.1490307,-0.090431795,3.5374079
SLA,-0.032399144,0.24947022,5.429594,12.626422,7.284345,-0.09840604,7.435612,8.932935,5.114955,-0.079879925,3.8275285,2.7999816,-0.04801212,4.1654925,-0.09577729,3.7377405
MPL,-0.032399144,0.24947022,5.429594,12.626422,7.284345,-0.09840604,7.435612,8.932935,5.114955,-0.079879925,3.8275285,2.7999816,-0.04801212,4.1654925,-0.09577729,3.7377405
CD93,-0.032399144,0.24947022,5.429594,12.626422,7.284345,-0.09840604,7.435612,8.932935,5.114955,-0.079879925,3.8275285,2.7999816,-0.04801212,4.1654925,-0.09577729,3.7377405
CTSG,-0.032399144,0.24947022,5.429594,12.626422,7.284345,-0.09840604,7.435612,8.932935,5.114955,-0.079879925,3.8275285,2.7999816,-0.04801212,4.1654925,-0.09577729,3.7377405
ZBTB20,-0.032399144,0.24947022,5.429594,12.626422,7.284345,-0.09840604,7.435612,8.932935,5.114955,-0.079879925,3.8275285,2.7999816,-0.04801212,4.1654925,-0.09577729,3.7377405
GGT5,-0.032399144,0.24947022,5.429594,12.626422,7.284345,-0.09840604,7.435612,8.932935,5.114955,-0.079879925,3.8275285,2.7999816,-0.04801212,4.1654925,-0.09577729,3.7377405
CD53,-0.03246745,0.2544347,5.432129,12.619775,7.2767158,-0.09834236,7.427933,8.932478,5.113536,-0.07984534,3.821334,2.795412,-0.0479682,4.165465,-0.09570127,3.7414284
BPIFC,-0.032399144,0.24947022,5.429594,12.626422,7.284345,-0.09840604,7.435612,8.932935,5.114955,-0.079879925,3.8275285,2.7999816,-0.04801212,4.1654925,-0.09577729,3.7377405
TFR2,-0.032399144,0.24947022,5.429594,12.626422,7.284345,-0.09840604,7.435612,8.932935,5.114955,-0.079879925,3.8275285,2.7999816,-0.04801212,4.1654925,-0.09577729,3.7377405
CTSW,-0.03537014,0.8260549,5.4596434,11.717334,6.299748,-0.10387834,6.5868564,7.86042,4.3276367,-0.081122294,2.5277655,3.0667574,-0.037109125,3.4490113,-0.08446555,3.286169
ITM2A,-0.032399144,0.24947022,5.429594,12.626422,7.284345,-0.09840604,7.435612,8.932935,5.114955,-0.079879925,3.8275285,2.7999816,-0.04801212,4.1654925,-0.09577729,3.7377405
DDX4,-0.032399144,0.24947022,5.429594,12.626422,7.284345,-0.09840604,7.435612,8.932935,5.114955,-0.079879925,3.8275285,2.7999816,-0.04801212,4.1654925,-0.09577729,3.7377405
WFDC2,-0.032399144,0.24947022,5.429594,12.626422,7.284345,-0.09840604,7.435612,8.932935,5.114955,-0.079879925,3.8275285,2.7999816,-0.04801212,4.1654925,-0.09577729,3.7377405
GNG11,-0.032399144,0.24947022,5.429594,12.626422,7.284345,-0.09840604,7.435612,8.932935,5.114955,-0.079879925,3.8275285,2.7999816,-0.04801212,4.1654925,-0.09577729,3.7377405
ADGRG3,-0.032399144,0.24947022,5.429594,12.626422,7.284345,-0.09840604,7.435612,8.932935,5.114955,-0.079879925,3.8275285,2.7999816,-0.04801212,4.1654925,-0.09577729,3.7377405
PLXDC2,-0.032399144,0.24947022,5.429594,12.626422,7.284345,-0.09840604,7.435612,8.932935,5.114955,-0.079879925,3.8275285,2.7999816,-0.04801212,4.1654925,-0.09577729,3.7377405
CTSL,-0.032399144,0.24947022,5.429594,12.626422,7.284345,-0.09840604,7.435612,8.932935,5.114955,-0.079879925,3.8275285,2.7999816,-0.04801212,4.1654925,-0.09577729,3.7377405
9530082P21RIK,-0.03246605,0.25374722,5.431021,12.619405,7.2772717,-0.09834952,7.4279456,8.931438,5.114335,-0.07984968,3.8212318,2.7954702,-0.0479643,4.1657224,-0.09570661,3.7417178
NFIA,-0.032399144,0.24947022,5.429594,12.626422,7.284345,-0.09840604,7.435612,8.932935,5.114955,-0.079879925,3.8275285,2.7999816,-0.04801212,4.1654925,-0.09577729,3.7377405
SH2D5,-0.032399144,0.24947022,5.429594,12.626422,7.284345,-0.09840604,7.435612,8.932935,5.114955,-0.079879925,3.8275285,2.7999816,-0.04801212,4.1654925,-0.09577729,3.7377405
RNF125,-0.032399144,0.24947022,5.429594,12.626422,7.284345,-0.09840604,7.435612,8.932935,5.114955,-0.079879925,3.8275285,2.7999816,-0.04801212,4.1654925,-0.09577729,3.7377405
SSTR2,-0.032399144,0.24947022,5.429594,12.626422,7.284345,-0.09840604,7.435612,8.932935,5.114955,-0.079879925,3.8275285,2.7999816,-0.04801212,4.1654925,-0.09577729,3.7377405
TAPT1,-0.025277091,-0.0011697155,5.6002736,12.278547,6.7142467,-0.093657225,7.5011277,8.7817135,4.7683196,-0.083076,4.247141,2.2154133,-0.045314535,3.3579473,-0.09771984,4.113316
CASP12,-0.032399144,0.24947022,5.429594,12.626422,7.284345,-0.09840604,7.435612,8.932935,5.114955,-0.079879925,3.8275285,2.7999816,-0.04801212,4.1654925,-0.09577729,3.7377405
CCL3,-0.032399144,0.24947022,5.429594,12.626422,7.284345,-0.09840604,7.435612,8.932935,5.114955,-0.079879925,3.8275285,2.7999816,-0.04801212,4.1654925,-0.09577729,3.7377405
ENG,-0.032399144,0.24947022,5.429594,12.626422,7.284345,-0.09840604,7.435612,8.932935,5.114955,-0.079879925,3.8275285,2.7999816,-0.04801212,4.1654925,-0.09577729,3.7377405
TMEM123,-0.032399144,0.24947022,5.429594,12.626422,7.284345,-0.09840604,7.435612,8.932935,5.114955,-0.079879925,3.8275285,2.7999816,-0.04801212,4.1654925,-0.09577729,3.7377405
C1RL,-0.024758,-0.004887934,5.5327654,10.933679,8.023106,-0.09241148,7.969483,7.2112656,5.592485,-0.060401723,2.0861652,2.577888,-0.058335852,4.861399,-0.08772322,4.632483
CDK19,-0.032399144,0.24947022,5.429594,12.626422,7.284345,-0.09840604,7.435612,8.932935,5.114955,-0.079879925,3.8275285,2.7999816,-0.04801212,4.1654925,-0.09577729,3.7377405
GNG2,-0.032399144,0.24947022,5.429594,12.626422,7.284345,-0.09840604,7.435612,8.932935,5.114955,-0.079879925,3.8275285,2.7999816,-0.04801212,4.1654925,-0.09577729,3.7377405
BGN,-0.032441102,0.24761073,5.413775,12.624174,7.2847524,-0.09841872,7.4364457,8.92442,5.1172495,-0.07971199,3.813979,2.7987082,-0.047985606,4.1591945,-0.09564674,3.7430694
H2-DMA,-0.034612358,-0.0022729004,5.3230457,13.011087,6.4566417,-0.09400652,7.1350665,8.655466,5.199446,-0.07758408,3.4630132,3.2846866,-0.054138448,4.4661517,-0.08760562,3.1048284
OTULINL,-0.03246605,0.25374722,5.431021,12.619405,7.2772717,-0.09834952,7.4279456,8.931438,5.114335,-0.07984968,3.8212318,2.7954702,-0.0479643,4.1657224,-0.09570661,3.7417178
FCGRT,-0.032399144,0.24947022,5.429594,12.626422,7.284345,-0.09840604,7.435612,8.932935,5.114955,-0.079879925,3.8275285,2.7999816,-0.04801212,4.1654925,-0.09577729,3.7377405
MOGS,-0.032399144,0.24947022,5.429594,12.626422,7.284345,-0.09840604,7.435612,8.932935,5.114955,-0.079879925,3.8275285,2.7999816,-0.04801212,4.1654925,-0.09577729,3.7377405
BLNK,-0.032399144,0.24947022,5.429594,12.626422,7.284345,-0.09840604,7.435612,8.932935,5.114955,-0.079879925,3.8275285,2.7999816,-0.04801212,4.1654925,-0.09577729,3.7377405
DNTT,-0.032399144,0.24947022,5.429594,12.626422,7.284345,-0.09840604,7.435612,8.932935,5.114955,-0.079879925,3.8275285,2.7999816,-0.04801212,4.1654925,-0.09577729,3.7377405
IFI27L2A,-0.032399144,0.24947022,5.429594,12.626422,7.284345,-0.09840604,7.435612,8.932935,5.114955,-0.079879925,3.8275285,2.7999816,-0.04801212,4.1654925,-0.09577729,3.7377405
ESR1,-0.022469439,0.079364054,4.369686,8.570263,5.275774,-0.07317955,5.470191,6.2632146,3.873985,-0.051389582,2.215056,2.0834029,-0.03873737,2.831202,-0.06682777,2.2119002
EVI2A,-0.032399144,0.24947022,5.429594,12.626422,7.284345,-0.09840604,7.435612,8.932935,5.114955,-0.079879925,3.8275285,2.7999816,-0.04801212,4.1654925,-0.09577729,3.7377405
PRNP,-0.032399144,0.24947022,5.429594,12.626422,7.284345,-0.09840604,7.435612,8.932935,5.114955,-0.079879925,3.8275285,2.7999816,-0.04801212,4.1654925,-0.09577729,3.7377405
GDF3,-0.032399144,0.24947022,5.429594,12.626422,7.284345,-0.09840604,7.435612,8.932935,5.114955,-0.079879925,3.8275285,2.7999816,-0.04801212,4.1654925,-0.09577729,3.7377405
CKS1B,-0.032399144,0.24947022,5.429594,12.626422,7.284345,-0.09840604,7.435612,8.932935,5.114955,-0.079879925,3.8275285,2.7999816,-0.04801212,4.1654925,-0.09577729,3.7377405
TMEM173,-0.036746055,0.2157105,5.1859155,12.038579,6.872944,-0.09835107,7.9619613,8.318919,5.1681623,-0.076943375,3.5589182,2.9190495,-0.051080026,4.193999,-0.09750684,4.2143445
OAS2,-0.032399144,0.24947022,5.429594,12.626422,7.284345,-0.09840604,7.435612,8.932935,5.114955,-0.079879925,3.8275285,2.7999816,-0.04801212,4.1654925,-0.09577729,3.7377405
GM2A,-0.032399144,0.24947022,5.429594,12.626422,7.284345,-0.09840604,7.435612,8.932935,5.114955,-0.079879925,3.8275285,2.7999816,-0.04801212,4.1654925,-0.09577729,3.7377405
ELF1,-0.032399144,0.24947022,5.429594,12.626422,7.284345,-0.09840604,7.435612,8.932935,5.114955,-0.079879925,3.8275285,2.7999816,-0.04801212,4.1654925,-0.09577729,3.7377405
WFDC18,-0.032399144,0.24947022,5.429594,12.626422,7.284345,-0.09840604,7.435612,8.932935,5.114955,-0.079879925,3.8275285,2.7999816,-0.04801212,4.1654925,-0.09577729,3.7377405
IPCEF1,-0.032399144,0.24947022,5.429594,12.626422,7.284345,-0.09840604,7.435612,8.932935,5.114955,-0.079879925,3.8275285,2.7999816,-0.04801212,4.1654925,-0.09577729,3.7377405
CPQ,-0.032399144,0.24947022,5.429594,12.626422,7.284345,-0.09840604,7.435612,8.932935,5.114955,-0.079879925,3.8275285,2.7999816,-0.04801212,4.1654925,-0.09577729,3.7377405
ARL11,-0.032399144,0.24947022,5.429594,12.626422,7.284345,-0.09840604,7.435612,8.932935,5.114955,-0.079879925,3.8275285,2.7999816,-0.04801212,4.1654925,-0.09577729,3.7377405
APP,-0.032399144,0.24947022,5.429594,12.626422,7.284345,-0.09840604,7.435612,8.932935,5.114955,-0.079879925,3.8275285,2.7999816,-0.04801212,4.1654925,-0.09577729,3.7377405
IL10RA,-0.032399144,0.24947022,5.429594,12.626422,7.284345,-0.09840604,7.435612,8.932935,5.114955,-0.079879925,3.8275285,2.7999816,-0.04801212,4.1654925,-0.09577729,3.7377405
NUPR1,-0.032399144,0.24947022,5.429594,12.626422,7.284345,-0.09840604,7.435612,8.932935,5.114955,-0.079879925,3.8275285,2.7999816,-0.04801212,4.1654925,-0.09577729,3.7377405
SLC18A1,-0.032399144,0.24947022,5.429594,12.626422,7.284345,-0.09840604,7.435612,8.932935,5.114955,-0.079879925,3.8275285,2.7999816,-0.04801212,4.1654925,-0.09577729,3.7377405
VAMP5,-0.032399144,0.24947022,5.429594,12.626422,7.284345,-0.09840604,7.435612,8.932935,5.114955,-0.079879925,3.8275285,2.7999816,-0.04801212,4.1654925,-0.09577729,3.7377405
CD33,-0.032399144,0.24947022,5.429594,12.626422,7.284345,-0.09840604,7.435612,8.932935,5.114955,-0.079879925,3.8275285,2.7999816,-0.04801212,4.1654925,-0.09577729,3.7377405
PKIB,-0.03246605,0.25374722,5.431021,12.619405,7.2772717,-0.09834952,7.4279456,8.931438,5.114335,-0.07984968,3.8212318,2.7954702,-0.0479643,4.1657224,-0.09570661,3.7417178
SYK,-0.032399144,0.24947022,5.429594,12.626422,7.284345,-0.09840604,7.435612,8.932935,5.114955,-0.079879925,3.8275285,2.7999816,-0.04801212,4.1654925,-0.09577729,3.7377405
IL17RA,-0.032399144,0.24947022,5.429594,12.626422,7.284345,-0.09840604,7.435612,8.932935,5.114955,-0.079879925,3.8275285,2.7999816,-0.04801212,4.1654925,-0.09577729,3.7377405
ARID5A,-0.032399144,0.24947022,5.429594,12.626422,7.284345,-0.09840604,7.435612,8.932935,5.114955,-0.079879925,3.8275285,2.7999816,-0.04801212,4.1654925,-0.09577729,3.7377405
AI504432,-0.023103109,-0.002136802,5.086262,11.923476,6.1351075,-0.08437472,7.5784373,8.268226,5.8354006,-0.07405751,4.1383047,1.827347,-0.051848862,3.1404371,-0.09694573,2.7517333
PTP4A3,-0.032399144,0.24947022,5.429594,12.626422,7.284345,-0.09840604,7.435612,8.932935,5.114955,-0.079879925,3.8275285,2.7999816,-0.04801212,4.1654925,-0.09577729,3.7377405
HDAC7,-0.032399144,0.24947022,5.429594,12.626422,7.284345,-0.09840604,7.435612,8.932935,5.114955,-0.079879925,3.8275285,2.7999816,-0.04801212,4.1654925,-0.09577729,3.7377405
HNF4A,-0.025675964,0.088059746,4.797689,9.652637,5.844149,-0.08190493,6.1669083,7.0031924,4.2843113,-0.059036374,2.6176794,2.2813675,-0.042382944,3.2043378,-0.0749348,2.5495486
TBXA2R,-0.032399144,0.24947022,5.429594,12.626422,7.284345,-0.09840604,7.435612,8.932935,5.114955,-0.079879925,3.8275285,2.7999816,-0.04801212,4.1654925,-0.09577729,3.7377405
GATA2,-0.023305522,0.06480756,4.490651,8.8784485,5.4846463,-0.07613801,5.682023,6.459125,4.042823,-0.05299288,2.2687223,2.1818373,-0.040317826,2.9612045,-0.06941596,2.3234446
SLC39A13,-0.032399144,0.24947022,5.429594,12.626422,7.284345,-0.09840604,7.435612,8.932935,5.114955,-0.079879925,3.8275285,2.7999816,-0.04801212,4.1654925,-0.09577729,3.7377405
WFDC17,-0.032399144,0.24947022,5.429594,12.626422,7.284345,-0.09840604,7.435612,8.932935,5.114955,-0.079879925,3.8275285,2.7999816,-0.04801212,4.1654925,-0.09577729,3.7377405
LGMN,-0.032409154,0.24938427,5.430331,12.626845,7.284371,-0.09840555,7.434479,8.930581,5.1147103,-0.07988461,3.828864,2.8012486,-0.048011065,4.1668396,-0.09576758,3.7355838
ARHGAP27,-0.032399144,0.24947022,5.429594,12.626422,7.284345,-0.09840604,7.435612,8.932935,5.114955,-0.079879925,3.8275285,2.7999816,-0.04801212,4.1654925,-0.09577729,3.7377405
RASA4,-0.032399144,0.24947022,5.429594,12.626422,7.284345,-0.09840604,7.435612,8.932935,5.114955,-0.079879925,3.8275285,2.7999816,-0.04801212,4.1654925,-0.09577729,3.7377405
COL4A2,-0.032399144,0.24947022,5.429594,12.626422,7.284345,-0.09840604,7.435612,8.932935,5.114955,-0.079879925,3.8275285,2.7999816,-0.04801212,4.1654925,-0.09577729,3.7377405
MILR1,-0.032399144,0.24947022,5.429594,12.626422,7.284345,-0.09840604,7.435612,8.932935,5.114955,-0.079879925,3.8275285,2.7999816,-0.04801212,4.1654925,-0.09577729,3.7377405
GM11346,-0.032399144,0.24947022,5.429594,12.626422,7.284345,-0.09840604,7.435612,8.932935,5.114955,-0.079879925,3.8275285,2.7999816,-0.04801212,4.1654925,-0.09577729,3.7377405
TNS2,-0.03239186,0.2520603,5.433314,12.624003,7.283155,-0.09843184,7.431499,8.933898,5.1094346,-0.07984374,3.82369,2.79455,-0.048021514,4.168584,-0.09574977,3.7371073
MCM7,-0.02148334,0.07840758,4.31976,8.346405,5.158493,-0.07163085,5.315593,6.136584,3.752195,-0.050446194,2.177796,2.0021205,-0.037824504,2.7126846,-0.065477945,2.1304908
MGAT1,-0.032399144,0.24947022,5.429594,12.626422,7.284345,-0.09840604,7.435612,8.932935,5.114955,-0.079879925,3.8275285,2.7999816,-0.04801212,4.1654925,-0.09577729,3.7377405
TXNIP,-0.032399144,0.24947022,5.429594,12.626422,7.284345,-0.09840604,7.435612,8.932935,5.114955,-0.079879925,3.8275285,2.7999816,-0.04801212,4.1654925,-0.09577729,3.7377405
KLF3,-0.03239315,0.25329292,5.4292936,12.621806,7.277634,-0.09836984,7.435042,8.930992,5.1160874,-0.0799207,3.828263,2.7941706,-0.047985364,4.1632514,-0.09578872,3.7417545
YBX1,-0.021422848,0.08066519,4.3194785,8.33996,5.153453,-0.07163924,5.3104596,6.124691,3.7542582,-0.050371792,2.1730742,2.0031028,-0.03778551,2.7064023,-0.06547909,2.1252544
CBFB,-0.027975034,0.2892999,4.336021,8.784878,4.8489733,-0.071920685,5.102212,5.5617037,3.2757876,-0.049048472,2.6032207,2.3187985,-0.032297052,3.1680398,-0.060100134,2.5274591
SCARF1,-0.032399144,0.24947022,5.429594,12.626422,7.284345,-0.09840604,7.435612,8.932935,5.114955,-0.079879925,3.8275285,2.7999816,-0.04801212,4.1654925,-0.09577729,3.7377405
MCTP2,-0.032399144,0.24947022,5.429594,12.626422,7.284345,-0.09840604,7.435612,8.932935,5.114955,-0.079879925,3.8275285,2.7999816,-0.04801212,4.1654925,-0.09577729,3.7377405
SAMSN1,-0.03239186,0.2520603,5.433314,12.624003,7.283155,-0.09843184,7.431499,8.933898,5.1094346,-0.07984374,3.82369,2.79455,-0.048021514,4.168584,-0.09574977,3.7371073
TSPAN3,-0.032399144,0.24947022,5.429594,12.626422,7.284345,-0.09840604,7.435612,8.932935,5.114955,-0.079879925,3.8275285,2.7999816,-0.04801212,4.1654925,-0.09577729,3.7377405
GGTA1,-0.032399144,0.24947022,5.429594,12.626422,7.284345,-0.09840604,7.435612,8.932935,5.114955,-0.079879925,3.8275285,2.7999816,-0.04801212,4.1654925,-0.09577729,3.7377405
OBSCN,-0.035310294,1.496855,4.251994,10.465906,6.92161,-0.08533121,6.2597833,7.9245405,4.4753394,-0.070120476,3.856221,2.6894562,-0.03864073,4.438318,-0.09413077,3.9326453
CDT1,-0.021297064,0.07832413,4.3078647,8.301921,5.1307464,-0.07130651,5.2841673,6.1082473,3.72715,-0.050203748,2.1672425,1.9908667,-0.03762317,2.690551,-0.06513854,2.1102376
IL12A,-0.032399144,0.24947022,5.429594,12.626422,7.284345,-0.09840604,7.435612,8.932935,5.114955,-0.079879925,3.8275285,2.7999816,-0.04801212,4.1654925,-0.09577729,3.7377405
KLF6,-0.03227508,0.11897277,5.5557356,12.0501585,7.1286616,-0.099323496,7.5801144,8.700372,5.242205,-0.07514482,3.315482,2.7995784,-0.05116052,4.0996675,-0.092330694,3.3233862
CCL9,-0.032399144,0.24947022,5.429594,12.626422,7.284345,-0.09840604,7.435612,8.932935,5.114955,-0.079879925,3.8275285,2.7999816,-0.04801212,4.1654925,-0.09577729,3.7377405
PIRB,-0.032399144,0.24947022,5.429594,12.626422,7.284345,-0.09840604,7.435612,8.932935,5.114955,-0.079879925,3.8275285,2.7999816,-0.04801212,4.1654925,-0.09577729,3.7377405
PGRMC1,-0.03536013,0.82614094,5.458906,11.716911,6.2997212,-0.103878826,6.5879884,7.8627744,4.3278813,-0.0811176,2.52643,3.0654905,-0.037110176,3.4476638,-0.08447526,3.2883258
P2RX1,-0.032399144,0.24947022,5.429594,12.626422,7.284345,-0.09840604,7.435612,8.932935,5.114955,-0.079879925,3.8275285,2.7999816,-0.04801212,4.1654925,-0.09577729,3.7377405
ABHD17B,-0.032399144,0.24947022,5.429594,12.626422,7.284345,-0.09840604,7.435612,8.932935,5.114955,-0.079879925,3.8275285,2.7999816,-0.04801212,4.1654925,-0.09577729,3.7377405
VEGFC,-0.03299084,0.32502103,5.422334,12.000965,6.9733624,-0.0969154,7.230437,8.516489,5.045291,-0.0749448,3.3461328,2.7573912,-0.047345646,4.0381985,-0.090323046,3.3314114
APOE,-0.03246605,0.25374722,5.431021,12.619405,7.2772717,-0.09834952,7.4279456,8.931438,5.114335,-0.07984968,3.8212318,2.7954702,-0.0479643,4.1657224,-0.09570661,3.7417178
H1F0,-0.026323874,0.13781531,4.868087,9.861814,6.0355844,-0.084151074,6.267965,7.186155,4.433755,-0.060244836,2.6095898,2.351731,-0.043689102,3.3097506,-0.077044025,2.568152
IGFBP4,-0.032399144,0.24947022,5.429594,12.626422,7.284345,-0.09840604,7.435612,8.932935,5.114955,-0.079879925,3.8275285,2.7999816,-0.04801212,4.1654925,-0.09577729,3.7377405
IGHV1-82,-0.034612358,-0.0022729004,5.3230457,13.011087,6.4566417,-0.09400652,7.1350665,8.655466,5.199446,-0.07758408,3.4630132,3.2846866,-0.054138448,4.4661517,-0.08760562,3.1048284
CD52,-0.032399144,0.24947022,5.429594,12.626422,7.284345,-0.09840604,7.435612,8.932935,5.114955,-0.079879925,3.8275285,2.7999816,-0.04801212,4.1654925,-0.09577729,3.7377405
AP1S2,-0.032399144,0.24947022,5.429594,12.626422,7.284345,-0.09840604,7.435612,8.932935,5.114955,-0.079879925,3.8275285,2.7999816,-0.04801212,4.1654925,-0.09577729,3.7377405
RHOF,-0.03240489,0.24751161,5.42627,12.625114,7.284065,-0.098381825,7.435408,8.93329,5.1118035,-0.079897895,3.8297734,2.7980275,-0.047972888,4.1627793,-0.09575486,3.7398186
IRF6,-0.032399144,0.24947022,5.429594,12.626422,7.284345,-0.09840604,7.435612,8.932935,5.114955,-0.079879925,3.8275285,2.7999816,-0.04801212,4.1654925,-0.09577729,3.7377405
HOXA9,-0.02377578,0.06832471,4.6015916,9.060497,5.6038427,-0.07761456,5.790326,6.5921903,4.100162,-0.054302525,2.3499184,2.1968248,-0.04083671,3.0094435,-0.070812754,2.3769436
RRAS,-0.021327676,-0.0042052832,4.630322,12.069619,6.6079907,-0.10017501,6.672483,8.455235,4.433,-0.0852281,3.0039341,2.3149645,-0.041941475,3.6825757,-0.09017601,3.8601117
PROCR,-0.024329096,-0.0025182648,5.8804517,11.605917,7.024672,-0.09625656,6.878095,8.749826,4.432496,-0.0798621,3.8842347,2.0674362,-0.04744614,2.9509475,-0.09771287,4.030563
IGHV1-81,-0.032399144,0.24947022,5.429594,12.626422,7.284345,-0.09840604,7.435612,8.932935,5.114955,-0.079879925,3.8275285,2.7999816,-0.04801212,4.1654925,-0.09577729,3.7377405
CD9,-0.032399144,0.24947022,5.429594,12.626422,7.284345,-0.09840604,7.435612,8.932935,5.114955,-0.079879925,3.8275285,2.7999816,-0.04801212,4.1654925,-0.09577729,3.7377405
TSC22D3,-0.032400545,0.2501577,5.4307017,12.626792,7.283788,-0.09839887,7.435599,8.933974,5.1141553,-0.07987558,3.8276305,2.7999234,-0.04801602,4.1652346,-0.09577194,3.737451
C030034L19RIK,-0.032399144,0.24947022,5.429594,12.626422,7.284345,-0.09840604,7.435612,8.932935,5.114955,-0.079879925,3.8275285,2.7999816,-0.04801212,4.1654925,-0.09577729,3.7377405
TOP2A,-0.022729345,0.084688656,4.4550996,8.70957,5.393271,-0.07492739,5.559072,6.3876257,3.9347222,-0.052878898,2.2821412,2.0830894,-0.039298907,2.8573012,-0.06849845,2.2490292
KCTD12,-0.032399144,0.24947022,5.429594,12.626422,7.284345,-0.09840604,7.435612,8.932935,5.114955,-0.079879925,3.8275285,2.7999816,-0.04801212,4.1654925,-0.09577729,3.7377405
MKI67,-0.021797923,0.07387545,4.3574624,8.432915,5.209802,-0.072304405,5.376811,6.1969547,3.7913377,-0.05087935,2.1965506,2.0259259,-0.038237542,2.749085,-0.06605403,2.1600072
SMPDL3A,-0.032399144,0.24947022,5.429594,12.626422,7.284345,-0.09840604,7.435612,8.932935,5.114955,-0.079879925,3.8275285,2.7999816,-0.04801212,4.1654925,-0.09577729,3.7377405
UHRF1,-0.02141653,0.080951236,4.317311,8.333964,5.1498785,-0.07158102,5.3064466,6.1231046,3.7495785,-0.050349157,2.1733944,2.0017517,-0.037756786,2.7047658,-0.065422244,2.1232626
CHRNB1,-0.017641943,-0.008590579,5.7037454,10.59042,7.459718,-0.087698855,8.035569,7.0619864,5.244717,-0.06355702,2.5050428,1.9991307,-0.055665024,4.0560946,-0.08965435,5.004045
